game_id,team_id,HoA,won,settled_in,head_coach,goals,shots,hits,pim,powerPlayOpportunities,powerPlayGoals,faceOffWinPercentage,giveaways,takeaways
2012020004,6,home,TRUE,REG,Claude Julien,3,34,27,30,7,0,60.3,1,6
2012020004,3,away,FALSE,REG,John Tortorella,1,21,34,24,5,0,39.7,10,1
2012020020,6,home,TRUE,SO,Claude Julien,1,27,48,8,2,0,55.2,9,7
2012020020,52,away,FALSE,SO,Claude Noel,1,27,32,4,4,0,44.8,8,7
2012020037,6,away,FALSE,OT,Claude Julien,3,29,20,17,5,1,67.9,7,2
2012020037,3,home,TRUE,OT,John Tortorella,4,33,28,17,5,0,32.1,4,2
2012020050,6,home,TRUE,REG,Claude Julien,4,27,35,23,3,0,61,8,9
2012020050,2,away,FALSE,REG,Jack Capuano,2,26,27,13,3,0,39,8,8
2012020073,6,away,TRUE,REG,Claude Julien,5,38,25,19,4,2,59.4,5,8
2012020073,12,home,FALSE,REG,Kirk Muller,3,32,20,15,6,0,40.6,10,8
2012020078,6,home,TRUE,SO,Claude Julien,1,28,33,15,3,0,61.7,10,6
2012020078,1,away,FALSE,SO,Peter DeBoer,1,26,23,11,5,1,38.3,6,8
2012020092,6,home,FALSE,REG,Claude Julien,4,42,17,13,4,0,57.1,13,10
2012020092,7,away,TRUE,REG,Lindy Ruff,7,32,20,13,3,1,42.9,3,3
2012020111,6,away,TRUE,REG,Claude Julien,1,34,29,18,2,0,54.7,11,6
2012020111,10,home,FALSE,REG,Randy Carlyle,0,21,44,16,3,0,45.3,12,9
2012020138,6,away,TRUE,REG,Claude Julien,2,23,26,14,4,0,59.4,14,4
2012020138,8,home,FALSE,REG,Michel Therrien,1,21,31,10,5,1,40.6,9,9
2012020154,6,home,TRUE,REG,Claude Julien,2,24,18,16,1,0,64.3,18,8
2012020154,14,away,FALSE,REG,Jon Cooper,0,30,20,12,3,0,35.7,14,7
2012020168,6,away,TRUE,REG,Claude Julien,3,39,15,21,5,1,47.6,11,4
2012020168,7,home,FALSE,REG,Lindy Ruff,1,26,25,15,3,0,52.4,11,12
2012020179,6,home,FALSE,SO,Claude Julien,3,40,32,8,4,0,57.8,12,6
2012020179,3,away,TRUE,SO,John Tortorella,3,29,31,8,4,0,42.2,7,6
2012020197,6,away,FALSE,REG,Claude Julien,2,32,14,6,2,1,58.5,10,6
2012020197,7,home,TRUE,REG,Lindy Ruff,4,26,23,4,3,0,41.5,14,13
2012020214,6,away,TRUE,REG,Claude Julien,3,26,21,4,1,1,46.2,5,6
2012020214,52,home,FALSE,REG,Claude Noel,2,24,25,2,2,0,53.8,16,4
2012020243,6,away,TRUE,REG,Claude Julien,4,26,22,6,0,0,54,8,7
2012020243,14,home,FALSE,REG,Guy Boucher,2,26,27,2,3,0,46,13,10
2012020262,6,away,TRUE,REG,Claude Julien,4,32,26,18,1,1,53.6,2,9
2012020262,13,home,FALSE,REG,Kevin Dineen,1,35,22,2,4,0,46.4,7,5
2012020278,6,away,TRUE,REG,Claude Julien,4,34,16,6,4,0,57.1,8,6
2012020278,2,home,FALSE,REG,Jack Capuano,1,37,21,8,3,0,42.9,8,14
2012020288,6,home,TRUE,OT,Claude Julien,2,46,30,10,3,0,64.9,10,8
2012020288,9,away,FALSE,OT,Paul MacLean,1,31,16,6,5,1,35.1,13,4
2012020303,6,home,TRUE,REG,Claude Julien,3,27,13,28,5,2,64.9,7,2
2012020303,14,away,FALSE,REG,Guy Boucher,2,22,20,22,8,2,35.1,4,2
2012020316,6,home,FALSE,REG,Claude Julien,3,34,30,32,2,0,62.7,13,9
2012020316,8,away,TRUE,REG,Michel Therrien,4,26,24,16,5,1,37.3,9,7
2012020326,6,away,FALSE,OT,Claude Julien,3,33,22,13,2,1,52.9,6,4
2012020326,15,home,TRUE,OT,Adam Oates,4,26,23,9,4,0,47.1,12,15
2012020339,6,home,TRUE,REG,Claude Julien,4,25,26,13,3,0,61.7,8,1
2012020339,10,away,FALSE,REG,Randy Carlyle,2,27,39,13,3,0,38.3,2,9
2012020355,6,home,TRUE,REG,Claude Julien,3,28,31,11,2,1,48.3,7,8
2012020355,4,away,FALSE,REG,Peter Laviolette,0,23,41,9,3,0,51.7,10,2
2012020375,6,away,TRUE,SO,Claude Julien,2,35,25,11,3,0,49.2,11,9
2012020375,9,home,FALSE,SO,Paul MacLean,2,32,38,23,2,0,50.8,10,9
2012020380,6,away,FALSE,REG,Claude Julien,2,16,20,8,2,1,54.1,5,7
2012020380,5,home,TRUE,REG,Dan Bylsma,3,34,27,4,4,0,45.9,2,4
2012020391,6,home,TRUE,REG,Claude Julien,4,32,30,4,2,0,67.3,9,4
2012020391,13,away,FALSE,REG,Kevin Dineen,1,30,25,4,2,0,32.7,10,5
2012020405,6,home,TRUE,REG,Claude Julien,4,38,36,23,1,1,61.5,3,5
2012020405,15,away,FALSE,REG,Adam Oates,1,33,27,19,3,0,38.5,7,1
2012020418,6,away,FALSE,REG,Claude Julien,1,32,26,2,2,0,53.1,1,1
2012020418,5,home,TRUE,REG,Dan Bylsma,2,18,30,4,1,0,46.9,3,8
2012020435,6,away,FALSE,REG,Claude Julien,1,28,17,4,4,0,52.9,7,5
2012020435,52,home,TRUE,REG,Claude Noel,3,25,33,8,2,1,47.1,15,9
2012020447,6,away,TRUE,REG,Claude Julien,2,29,33,2,2,0,55.7,6,5
2012020447,9,home,FALSE,REG,Paul MacLean,1,28,34,6,0,0,44.3,7,6
2012020459,6,away,FALSE,REG,Claude Julien,2,33,31,9,1,0,54.5,8,3
2012020459,10,home,TRUE,REG,Randy Carlyle,3,13,38,7,2,0,45.5,16,3
2012020472,6,home,TRUE,SO,Claude Julien,2,29,25,8,1,0,62.9,8,4
2012020472,10,away,FALSE,SO,Randy Carlyle,2,25,22,4,3,1,37.1,8,5
2012020488,6,home,FALSE,SO,Claude Julien,5,41,33,19,4,1,62.9,6,9
2012020488,8,away,TRUE,SO,Michel Therrien,5,28,21,15,6,1,37.1,6,6
2012020506,6,away,FALSE,REG,Claude Julien,1,34,24,6,2,0,44,11,8
2012020506,4,home,TRUE,REG,Peter Laviolette,3,22,33,8,1,1,56,10,9
2012020519,6,away,TRUE,REG,Claude Julien,2,31,14,12,0,0,55.2,6,5
2012020519,7,home,FALSE,REG,Ron Rolston,0,26,29,4,4,0,44.8,8,7
2012020531,6,home,TRUE,REG,Claude Julien,3,50,33,6,3,0,51.9,5,4
2012020531,9,away,FALSE,REG,Paul MacLean,2,47,26,6,3,0,48.1,10,8
2012020543,6,home,TRUE,REG,Claude Julien,1,26,25,2,1,0,45.1,8,6
2012020543,1,away,FALSE,REG,Peter DeBoer,0,40,18,2,1,0,54.9,4,7
2012020562,6,away,FALSE,REG,Claude Julien,1,27,23,4,1,0,48.5,12,1
2012020562,8,home,TRUE,REG,Michel Therrien,2,29,25,4,1,1,51.5,10,6
2012020577,6,home,TRUE,REG,Claude Julien,6,36,15,2,2,0,47.3,10,3
2012020577,12,away,FALSE,REG,Kirk Muller,2,42,20,4,1,0,52.7,3,11
2012020591,6,away,TRUE,REG,Claude Julien,5,18,11,16,3,1,59,4,1
2012020591,1,home,FALSE,REG,Peter DeBoer,4,28,13,19,7,0,41,10,2
2012020596,6,home,FALSE,REG,Claude Julien,1,31,19,2,1,1,53.7,12,8
2012020596,2,away,TRUE,REG,Jack Capuano,2,36,14,2,1,0,46.3,4,9
2012020615,6,away,FALSE,REG,Claude Julien,2,30,16,21,3,0,56.1,6,3
2012020615,12,home,TRUE,REG,Kirk Muller,4,38,31,21,3,2,43.9,5,13
2012020624,6,home,FALSE,REG,Claude Julien,2,36,24,11,2,1,63.2,10,11
2012020624,9,away,TRUE,REG,Paul MacLean,4,22,31,11,2,0,36.8,10,2
2012020641,6,home,FALSE,SO,Claude Julien,2,43,20,12,2,0,64.3,7,12
2012020641,7,away,TRUE,SO,Ron Rolston,2,32,28,4,6,2,35.7,15,2
2012020654,6,home,FALSE,REG,Claude Julien,2,40,35,24,4,1,59.7,6,4
2012020654,5,away,TRUE,REG,Dan Bylsma,3,24,30,20,6,2,40.3,8,6
2012020668,6,home,TRUE,REG,Claude Julien,3,39,33,4,2,0,56.2,20,8
2012020668,13,away,FALSE,REG,Kevin Dineen,0,28,20,4,2,0,43.8,13,3
2012020684,6,away,FALSE,REG,Claude Julien,2,41,30,11,3,0,53.1,16,5
2012020684,4,home,TRUE,REG,Peter Laviolette,5,30,26,11,3,0,46.9,12,6
2012020711,6,away,FALSE,OT,Claude Julien,2,34,26,12,2,0,43.1,2,5
2012020711,15,home,TRUE,OT,Adam Oates,3,37,34,6,5,3,56.9,11,8
2012030141,6,home,TRUE,REG,Claude Julien,4,40,30,13,5,1,46.3,9,6
2012030141,10,away,FALSE,REG,Randy Carlyle,1,20,37,39,3,1,53.7,9,3
2012030142,6,home,FALSE,REG,Claude Julien,2,41,35,13,1,0,64.5,4,4
2012030142,10,away,TRUE,REG,Randy Carlyle,4,32,44,7,4,1,35.5,11,4
2012030143,6,away,TRUE,REG,Claude Julien,5,38,51,14,3,0,60,20,5
2012030143,10,home,FALSE,REG,Randy Carlyle,2,47,48,10,5,2,40,24,10
2012030144,6,away,TRUE,OT,Claude Julien,4,45,49,8,5,2,54.7,24,7
2012030144,10,home,FALSE,OT,Randy Carlyle,3,48,71,10,4,0,45.3,33,9
2012030145,6,home,FALSE,REG,Claude Julien,1,44,39,4,2,0,55.7,9,6
2012030145,10,away,TRUE,REG,Randy Carlyle,2,33,46,6,1,0,44.3,6,8
2012030146,6,away,FALSE,REG,Claude Julien,1,30,50,2,2,0,66.7,18,5
2012030146,10,home,TRUE,REG,Randy Carlyle,2,26,58,4,1,0,33.3,17,17
2012030147,6,home,TRUE,OT,Claude Julien,5,35,46,10,2,0,70.5,10,6
2012030147,10,away,FALSE,OT,Randy Carlyle,4,28,47,8,3,1,29.5,13,10
2012030221,6,home,TRUE,OT,Claude Julien,3,48,51,6,4,1,55.2,4,5
2012030221,3,away,FALSE,OT,John Tortorella,2,35,44,8,3,0,44.8,17,7
2012030222,6,home,TRUE,REG,Claude Julien,5,32,36,19,1,0,48.3,16,6
2012030222,3,away,FALSE,REG,John Tortorella,2,37,33,11,5,0,51.7,1,4
2012030223,6,away,TRUE,REG,Claude Julien,2,34,28,6,0,0,61.8,10,7
2012030223,3,home,FALSE,REG,John Tortorella,1,24,37,2,2,0,38.2,7,9
2012030224,6,away,FALSE,OT,Claude Julien,3,40,24,8,4,2,53.7,8,6
2012030224,3,home,TRUE,OT,John Tortorella,4,32,40,8,4,1,46.3,9,7
2012030225,6,home,TRUE,REG,Claude Julien,3,32,35,11,3,1,49.1,12,9
2012030225,3,away,FALSE,REG,John Tortorella,1,29,25,13,2,1,50.9,5,3
2012030311,6,away,TRUE,REG,Claude Julien,3,30,19,17,4,0,66.7,1,5
2012030311,5,home,FALSE,REG,Dan Bylsma,0,29,34,28,4,0,33.3,8,9
2012030312,6,away,TRUE,REG,Claude Julien,6,29,19,6,1,0,50.9,2,5
2012030312,5,home,FALSE,REG,Dan Bylsma,1,27,37,4,2,0,49.1,12,5
2012030313,6,home,TRUE,OT,Claude Julien,2,40,34,18,5,0,42.7,10,13
2012030313,5,away,FALSE,OT,Dan Bylsma,1,54,46,16,6,0,57.3,8,10
2012030314,6,home,TRUE,REG,Claude Julien,1,24,25,8,3,0,52.5,11,5
2012030314,5,away,FALSE,REG,Dan Bylsma,0,26,33,8,3,0,47.5,8,1
2012030411,6,away,FALSE,OT,Claude Julien,3,54,59,6,3,1,50.9,5,16
2012030411,16,home,TRUE,OT,Joel Quenneville,4,63,61,6,3,0,49.1,18,24
2012030412,6,away,TRUE,OT,Claude Julien,2,28,50,6,2,0,54.2,8,4
2012030412,16,home,FALSE,OT,Joel Quenneville,1,34,34,4,3,0,45.8,16,17
2012030413,6,home,TRUE,REG,Claude Julien,2,35,31,17,4,1,71.4,8,6
2012030413,16,away,FALSE,REG,Joel Quenneville,0,28,25,15,5,0,28.6,6,2
2012030414,6,home,FALSE,OT,Claude Julien,5,33,44,10,5,2,50.6,9,8
2012030414,16,away,TRUE,OT,Joel Quenneville,6,47,34,12,4,1,49.4,6,4
2012030415,6,away,FALSE,REG,Claude Julien,1,25,53,8,0,0,42.1,9,9
2012030415,16,home,TRUE,REG,Joel Quenneville,3,32,22,4,2,0,57.9,9,21
2012030416,6,home,FALSE,REG,Claude Julien,2,25,37,4,4,0,56.2,7,3
2012030416,16,away,TRUE,REG,Joel Quenneville,3,31,27,8,2,0,43.8,6,7
2013020007,6,home,TRUE,REG,Claude Julien,3,25,14,20,3,0,54.2,4,6
2013020007,14,away,FALSE,REG,Jon Cooper,1,33,20,16,5,0,45.8,4,4
2013020021,6,home,TRUE,REG,Claude Julien,4,37,23,4,4,2,43.9,9,6
2013020021,17,away,FALSE,REG,Mike Babcock,1,26,16,8,2,0,56.1,12,7
2013020048,6,home,FALSE,REG,Claude Julien,0,39,27,31,3,0,50,7,5
2013020048,21,away,TRUE,REG,Patrick Roy,2,30,25,19,4,1,50,7,3
2013020068,6,away,TRUE,REG,Claude Julien,3,36,28,13,4,0,54.8,4,4
2013020068,29,home,FALSE,REG,Todd Richards,1,27,29,13,4,1,45.2,5,4
2013020079,6,home,FALSE,REG,Claude Julien,2,30,25,2,5,0,47.8,10,3
2013020079,17,away,TRUE,REG,Mike Babcock,3,27,19,12,0,0,52.2,7,1
2013020103,6,away,TRUE,REG,Claude Julien,3,40,31,2,3,1,54.4,3,6
2013020103,13,home,FALSE,REG,Kevin Dineen,2,29,27,6,1,0,45.6,7,12
2013020114,6,away,TRUE,REG,Claude Julien,5,22,16,25,4,0,50.8,8,5
2013020114,14,home,FALSE,REG,Jon Cooper,0,23,28,25,4,0,49.2,7,9
2013020138,6,away,TRUE,REG,Claude Julien,5,34,5,25,4,1,50.9,5,1
2013020138,7,home,FALSE,REG,Ron Rolston,2,16,23,21,3,1,49.1,7,8
2013020139,6,home,TRUE,REG,Claude Julien,2,17,30,2,1,0,57.9,6,12
2013020139,28,away,FALSE,REG,Todd McLellan,1,39,17,2,1,0,42.1,3,8
2013020155,6,home,FALSE,REG,Claude Julien,3,28,27,14,2,1,53.8,5,6
2013020155,1,away,TRUE,REG,Peter DeBoer,4,32,16,4,7,4,46.2,7,7
2013020184,6,away,FALSE,REG,Claude Julien,2,23,30,13,1,0,56.6,2,3
2013020184,5,home,TRUE,REG,Dan Bylsma,3,31,39,11,2,1,43.4,5,10
2013020188,6,home,TRUE,SO,Claude Julien,2,23,34,8,2,1,45.9,8,7
2013020188,24,away,FALSE,SO,Bruce Boudreau,2,23,20,4,4,0,54.1,9,7
2013020204,6,away,FALSE,REG,Claude Julien,1,27,20,8,3,1,59.3,19,11
2013020204,2,home,TRUE,REG,Jack Capuano,3,34,27,8,3,0,40.7,11,18
2013020217,6,home,FALSE,SO,Claude Julien,2,36,27,10,4,0,49.2,3,5
2013020217,25,away,TRUE,SO,Lindy Ruff,2,36,21,12,3,0,50.8,7,5
2013020230,6,home,TRUE,REG,Claude Julien,4,30,24,18,1,0,57.1,8,9
2013020230,13,away,FALSE,REG,Kevin Dineen,1,24,16,12,4,0,42.9,9,8
2013020247,6,home,TRUE,REG,Claude Julien,3,34,37,16,3,2,52.9,6,8
2013020247,10,away,FALSE,REG,Randy Carlyle,1,34,43,16,3,0,47.1,10,5
2013020262,6,home,TRUE,REG,Claude Julien,3,26,31,8,1,0,50,4,8
2013020262,14,away,FALSE,REG,Jon Cooper,0,28,25,2,4,0,50,7,6
2013020277,6,home,TRUE,OT,Claude Julien,3,31,38,8,1,0,54.7,8,8
2013020277,29,away,FALSE,OT,Todd Richards,2,34,36,2,4,0,45.3,8,9
2013020289,6,away,FALSE,REG,Claude Julien,2,32,21,4,1,0,40.6,9,10
2013020289,9,home,TRUE,REG,Paul MacLean,4,31,36,2,2,0,59.4,12,15
2013020309,6,away,TRUE,REG,Claude Julien,4,30,23,8,2,1,41.8,7,6
2013020309,12,home,FALSE,REG,Kirk Muller,1,24,34,4,4,0,58.2,14,8
2013020317,6,away,TRUE,REG,Claude Julien,2,22,25,11,3,0,51.7,9,3
2013020317,3,home,FALSE,REG,Alain Vigneault,1,44,20,11,3,1,48.3,9,9
2013020326,6,home,FALSE,SO,Claude Julien,2,31,32,2,1,0,54,7,13
2013020326,19,away,TRUE,SO,Ken Hitchcock,2,26,31,2,1,0,46,7,6
2013020341,6,home,TRUE,OT,Claude Julien,3,38,43,4,5,1,63.1,6,2
2013020341,12,away,FALSE,OT,Kirk Muller,2,24,35,10,2,1,36.9,5,10
2013020355,6,home,TRUE,OT,Claude Julien,4,24,28,2,1,1,50.8,11,12
2013020355,5,away,FALSE,OT,Dan Bylsma,3,31,35,2,1,0,49.2,18,2
2013020370,6,away,FALSE,REG,Claude Julien,1,17,25,10,3,0,60.7,8,11
2013020370,17,home,TRUE,REG,Mike Babcock,6,28,16,8,4,1,39.3,6,16
2013020380,6,home,TRUE,REG,Claude Julien,3,28,26,19,2,0,52.9,6,2
2013020380,3,away,FALSE,REG,Alain Vigneault,2,19,33,13,5,0,47.1,8,8
2013020393,6,home,TRUE,REG,Claude Julien,3,36,24,11,6,1,60.7,17,5
2013020393,29,away,FALSE,REG,Todd Richards,1,14,31,29,2,1,39.3,9,6
2013020425,6,away,FALSE,REG,Claude Julien,1,33,18,13,2,0,43.8,9,4
2013020425,8,home,TRUE,REG,Michel Therrien,2,27,30,9,4,0,56.2,12,6
2013020438,6,home,TRUE,REG,Claude Julien,3,21,31,25,4,0,60.4,4,4
2013020438,5,away,FALSE,REG,Dan Bylsma,2,30,36,15,7,2,39.6,10,7
2013020450,6,away,TRUE,REG,Claude Julien,5,39,29,10,3,2,45.8,9,8
2013020450,10,home,FALSE,REG,Randy Carlyle,2,32,36,8,4,0,54.2,12,6
2013020467,6,away,TRUE,REG,Claude Julien,2,24,9,4,3,1,68.9,10,9
2013020467,20,home,FALSE,REG,Bob Hartley,1,27,21,6,2,0,31.1,17,15
2013020482,6,away,TRUE,REG,Claude Julien,4,31,16,11,1,0,47.5,10,3
2013020482,22,home,FALSE,REG,Dallas Eakins,2,41,30,7,3,0,52.5,19,7
2013020498,6,away,FALSE,REG,Claude Julien,2,41,19,11,3,0,47.8,4,9
2013020498,23,home,TRUE,REG,John Tortorella,6,30,13,13,2,1,52.2,7,5
2013020509,6,home,TRUE,REG,Claude Julien,2,31,15,6,3,2,61,9,7
2013020509,20,away,FALSE,REG,Bob Hartley,0,21,24,6,3,0,39,11,6
2013020523,6,away,FALSE,REG,Claude Julien,2,36,17,15,2,0,52.3,5,1
2013020523,7,home,TRUE,REG,Ted Nolan,4,23,20,11,4,0,47.7,8,7
2013020541,6,home,TRUE,REG,Claude Julien,4,39,19,17,3,1,61.4,5,4
2013020541,7,away,FALSE,REG,Ted Nolan,1,35,21,11,6,0,38.6,9,5
2013020562,6,away,TRUE,REG,Claude Julien,6,33,13,9,3,3,52.5,7,8
2013020562,18,home,FALSE,REG,Barry Trotz,2,34,12,11,2,1,47.5,11,2
2013020567,6,home,TRUE,REG,Claude Julien,5,42,19,8,2,1,53.1,8,9
2013020567,9,away,FALSE,REG,Paul MacLean,0,33,17,6,3,0,46.9,7,5
2013020577,6,away,FALSE,REG,Claude Julien,3,32,33,9,4,0,55.4,10,9
2013020577,9,home,TRUE,REG,Paul MacLean,4,30,37,13,2,0,44.6,11,14
2013020602,6,home,FALSE,REG,Claude Julien,3,38,20,28,3,1,57.5,6,9
2013020602,2,away,TRUE,REG,Jack Capuano,5,31,22,8,8,4,42.5,11,7
2013020612,6,home,TRUE,OT,Claude Julien,3,25,25,2,2,0,46,9,7
2013020612,18,away,FALSE,OT,Barry Trotz,2,35,20,4,1,0,54,2,2
2013020626,6,home,TRUE,REG,Claude Julien,4,29,22,21,2,0,64.9,12,7
2013020626,52,away,FALSE,REG,Claude Noel,1,37,28,19,3,0,35.1,3,3
2013020655,6,away,FALSE,REG,Claude Julien,2,32,27,11,3,0,40.7,10,4
2013020655,24,home,TRUE,REG,Bruce Boudreau,5,20,38,11,3,3,59.3,13,8
2013020667,6,away,FALSE,REG,Claude Julien,2,22,34,17,3,0,44.4,8,6
2013020667,26,home,TRUE,REG,Darryl Sutter,4,35,27,11,6,1,55.6,11,7
2013020684,6,away,TRUE,REG,Claude Julien,1,22,28,7,3,0,38.5,6,8
2013020684,28,home,FALSE,REG,Todd McLellan,0,26,27,11,1,0,61.5,6,13
2013020696,6,home,FALSE,REG,Claude Julien,3,41,27,15,3,0,52.1,6,5
2013020696,10,away,TRUE,REG,Randy Carlyle,4,26,22,11,5,2,47.9,10,3
2013020717,6,away,TRUE,REG,Claude Julien,4,41,36,16,4,1,54.8,9,13
2013020717,25,home,FALSE,REG,Lindy Ruff,2,34,21,12,6,1,45.2,15,4
2013020736,6,away,FALSE,SO,Claude Julien,2,36,32,4,3,0,52.8,9,5
2013020736,16,home,TRUE,SO,Joel Quenneville,2,37,24,16,2,0,47.2,12,6
2013020739,6,home,TRUE,REG,Claude Julien,3,23,29,15,4,1,36.8,8,6
2013020739,26,away,FALSE,REG,Darryl Sutter,2,23,22,15,4,1,63.2,3,3
2013020776,6,away,TRUE,REG,Claude Julien,6,33,19,14,5,3,59.7,5,4
2013020776,4,home,FALSE,REG,Craig Berube,1,26,39,20,2,1,40.3,8,1
2013020789,6,away,TRUE,REG,Claude Julien,6,37,18,10,2,0,38.6,19,7
2013020789,2,home,FALSE,REG,Jack Capuano,3,37,32,4,5,0,61.4,17,12
2013020795,6,home,TRUE,REG,Claude Julien,6,41,16,4,5,1,52.8,11,5
2013020795,13,away,FALSE,REG,Peter Horachek,2,30,20,10,2,1,47.2,8,7
2013020809,6,home,FALSE,REG,Claude Julien,1,35,33,10,3,0,48.4,10,9
2013020809,8,away,TRUE,REG,Michel Therrien,4,33,23,8,4,1,51.6,7,9
2013020824,6,home,TRUE,REG,Claude Julien,4,41,23,15,5,2,55.1,4,8
2013020824,22,away,FALSE,REG,Dallas Eakins,0,22,19,17,4,0,44.9,11,4
2013020844,6,home,TRUE,REG,Claude Julien,3,32,27,4,3,1,57.1,9,9
2013020844,23,away,FALSE,REG,John Tortorella,1,28,25,6,2,0,42.9,3,8
2013020864,6,away,FALSE,OT,Claude Julien,2,38,21,10,4,0,45.2,2,11
2013020864,19,home,TRUE,OT,Ken Hitchcock,3,27,26,12,3,0,54.8,3,9
2013020874,6,home,TRUE,REG,Claude Julien,7,42,19,11,4,1,53.4,8,11
2013020874,9,away,FALSE,REG,Paul MacLean,2,28,22,13,3,1,46.6,13,7
2013020882,6,away,FALSE,OT,Claude Julien,4,33,7,12,4,2,56.4,3,4
2013020882,7,home,TRUE,OT,Ted Nolan,5,26,14,10,5,1,43.6,4,3
2013020902,6,home,FALSE,REG,Claude Julien,2,38,21,12,5,1,60.3,3,5
2013020902,15,away,TRUE,REG,Adam Oates,4,31,21,10,6,2,39.7,8,10
2013020916,6,away,TRUE,REG,Claude Julien,6,33,23,12,0,0,55.9,6,5
2013020916,3,home,FALSE,REG,Alain Vigneault,3,42,22,4,4,1,44.1,15,5
2013020924,6,home,TRUE,REG,Claude Julien,4,39,22,16,2,0,55.4,8,6
2013020924,13,away,FALSE,REG,Peter Horachek,1,24,23,14,3,0,44.6,6,4
2013020938,6,home,TRUE,REG,Claude Julien,3,43,29,0,0,0,54.7,8,10
2013020938,15,away,FALSE,REG,Adam Oates,0,16,24,0,0,0,45.3,8,7
2013020956,6,away,TRUE,SO,Claude Julien,3,32,22,7,3,0,44.1,3,5
2013020956,14,home,FALSE,SO,Jon Cooper,3,20,28,11,1,0,55.9,12,10
2013020963,6,away,TRUE,REG,Claude Julien,5,42,18,8,4,2,51.4,2,6
2013020963,13,home,FALSE,REG,Peter Horachek,2,22,26,8,4,0,48.6,1,7
2013020985,6,away,TRUE,REG,Claude Julien,4,32,29,13,2,0,38.5,9,3
2013020985,8,home,FALSE,REG,Michel Therrien,1,36,26,11,3,0,61.5,10,8
2013020989,6,home,TRUE,REG,Claude Julien,2,20,19,10,1,0,58.5,10,5
2013020989,27,away,FALSE,REG,Dave Tippett,1,22,21,2,5,0,41.5,6,4
2013021004,6,home,TRUE,REG,Claude Julien,5,41,27,8,2,0,53.7,12,4
2013021004,12,away,FALSE,REG,Kirk Muller,1,30,21,6,3,0,46.3,8,5
2013021022,6,home,TRUE,REG,Claude Julien,4,29,31,2,0,0,50,8,4
2013021022,30,away,FALSE,REG,Mike Yeo,1,34,19,0,1,0,50,8,2
2013021026,6,away,TRUE,REG,Claude Julien,4,31,20,13,2,0,45.2,8,12
2013021026,1,home,FALSE,REG,Peter DeBoer,2,24,22,9,4,1,54.8,18,11
2013021053,6,away,TRUE,REG,Claude Julien,2,28,26,11,1,1,58,1,12
2013021053,21,home,FALSE,REG,Patrick Roy,0,31,29,7,3,0,42,11,12
2013021063,6,away,TRUE,REG,Claude Julien,4,28,31,10,3,0,55.6,6,5
2013021063,27,home,FALSE,REG,Dave Tippett,2,33,31,10,3,1,44.4,6,7
2013021075,6,home,FALSE,SO,Claude Julien,1,29,36,17,6,1,54,12,9
2013021075,8,away,TRUE,SO,Michel Therrien,1,22,24,17,6,1,46,6,8
2013021092,6,home,TRUE,REG,Claude Julien,3,23,30,4,1,0,54.7,5,9
2013021092,16,away,FALSE,REG,Joel Quenneville,0,28,15,2,2,0,45.3,5,11
2013021108,6,away,TRUE,REG,Claude Julien,4,36,19,6,4,2,53.8,13,7
2013021108,15,home,FALSE,REG,Adam Oates,2,33,33,8,3,0,46.2,5,16
2013021121,6,away,TRUE,SO,Claude Julien,3,30,44,13,2,1,43.8,4,5
2013021121,4,home,FALSE,SO,Craig Berube,3,52,43,9,4,0,56.2,7,4
2013021141,6,away,FALSE,REG,Claude Julien,2,35,24,4,4,1,45.3,6,6
2013021141,17,home,TRUE,REG,Mike Babcock,3,20,16,8,2,0,54.7,8,3
2013021144,6,away,FALSE,OT,Claude Julien,3,38,30,11,2,0,46,9,6
2013021144,10,home,TRUE,OT,Randy Carlyle,4,31,29,9,3,1,54,12,3
2013021160,6,home,TRUE,REG,Claude Julien,5,42,29,11,1,0,59.6,7,8
2013021160,4,away,FALSE,REG,Craig Berube,2,26,27,7,3,1,40.4,10,8
2013021187,6,away,FALSE,SO,Claude Julien,3,24,13,6,5,2,36.8,5,5
2013021187,30,home,TRUE,SO,Mike Yeo,3,24,11,10,2,1,63.2,3,11
2013021202,6,away,FALSE,SO,Claude Julien,1,33,22,4,4,0,42.4,8,7
2013021202,52,home,TRUE,SO,Paul Maurice,1,37,25,10,1,0,57.6,7,12
2013021212,6,home,TRUE,REG,Claude Julien,4,30,13,20,3,1,58.9,6,8
2013021212,7,away,FALSE,REG,Ted Nolan,1,25,25,41,2,0,41.1,5,9
2013021221,6,away,FALSE,REG,Claude Julien,2,18,15,6,2,2,40.8,6,10
2013021221,1,home,TRUE,REG,Peter DeBoer,3,31,10,6,2,1,59.2,12,9
2013030111,6,home,FALSE,REG,Claude Julien,0,25,34,4,1,0,45.5,7,7
2013030111,17,away,TRUE,REG,Mike Babcock,1,24,26,2,2,0,54.5,4,5
2013030112,6,home,TRUE,REG,Claude Julien,4,29,33,14,4,2,56.5,11,8
2013030112,17,away,FALSE,REG,Mike Babcock,1,35,29,14,4,0,43.5,4,2
2013030113,6,away,TRUE,REG,Claude Julien,3,34,25,8,3,1,55.4,1,2
2013030113,17,home,FALSE,REG,Mike Babcock,0,23,32,8,3,0,44.6,8,4
2013030114,6,away,TRUE,OT,Claude Julien,3,40,40,10,2,1,54.2,1,0
2013030114,17,home,FALSE,OT,Mike Babcock,2,37,54,6,4,1,45.8,8,3
2013030115,6,home,TRUE,REG,Claude Julien,4,33,32,14,6,2,54,9,12
2013030115,17,away,FALSE,REG,Mike Babcock,2,33,21,12,7,1,46,4,4
2013030211,6,home,FALSE,OT,Claude Julien,3,51,56,8,2,0,58,14,3
2013030211,8,away,TRUE,OT,Michel Therrien,4,33,45,6,3,2,42,15,13
2013030212,6,home,TRUE,REG,Claude Julien,5,35,34,18,3,0,54.4,9,8
2013030212,8,away,FALSE,REG,Michel Therrien,3,28,31,12,6,2,45.6,8,5
2013030213,6,away,FALSE,REG,Claude Julien,2,28,31,2,1,0,50,8,1
2013030213,8,home,TRUE,REG,Michel Therrien,4,26,36,2,1,0,50,20,7
2013030214,6,away,TRUE,OT,Claude Julien,1,35,40,2,2,0,48.6,10,2
2013030214,8,home,FALSE,OT,Michel Therrien,0,33,32,4,1,0,51.4,14,11
2013030215,6,home,TRUE,REG,Claude Julien,4,30,39,12,4,2,53.7,11,9
2013030215,8,away,FALSE,REG,Michel Therrien,2,31,29,10,5,2,46.3,11,6
2013030216,6,away,FALSE,REG,Claude Julien,0,26,34,24,3,0,47.5,10,6
2013030216,8,home,TRUE,REG,Michel Therrien,4,28,39,20,4,1,52.5,14,6
2013030217,6,home,FALSE,REG,Claude Julien,1,30,35,12,3,1,59.2,16,4
2013030217,8,away,TRUE,REG,Michel Therrien,3,18,35,8,5,1,40.8,7,10
2014020002,6,home,TRUE,REG,Claude Julien,2,33,23,15,2,1,59,6,7
2014020002,4,away,FALSE,REG,Craig Berube,1,20,26,11,3,0,41,8,9
2014020009,6,away,FALSE,REG,Claude Julien,1,17,18,10,4,0,44.6,9,1
2014020009,17,home,TRUE,REG,Mike Babcock,2,24,22,10,4,1,55.4,6,7
2014020018,6,home,FALSE,REG,Claude Julien,0,29,28,25,4,0,64.2,12,6
2014020018,15,away,TRUE,REG,Barry Trotz,4,21,23,15,4,2,35.8,9,7
2014020035,6,home,FALSE,REG,Claude Julien,1,28,16,11,3,1,52.5,5,8
2014020035,21,away,TRUE,REG,Patrick Roy,2,30,19,11,3,0,47.5,9,9
2014020047,6,away,TRUE,SO,Claude Julien,2,39,27,10,3,0,52.5,6,4
2014020047,17,home,FALSE,SO,Mike Babcock,2,20,19,6,5,1,47.5,6,6
2014020053,6,away,FALSE,REG,Claude Julien,4,29,17,18,3,1,44.3,8,3
2014020053,8,home,TRUE,REG,Michel Therrien,6,26,30,8,3,2,55.7,16,5
2014020063,6,away,TRUE,REG,Claude Julien,4,36,13,19,3,0,51.6,5,4
2014020063,7,home,FALSE,REG,Ted Nolan,0,32,13,11,7,0,48.4,5,4
2014020079,6,home,TRUE,REG,Claude Julien,5,33,16,6,3,2,49.3,11,6
2014020079,28,away,FALSE,REG,Todd McLellan,3,34,24,6,3,1,50.7,7,6
2014020093,6,home,FALSE,REG,Claude Julien,2,32,24,2,1,0,60,10,5
2014020093,2,away,TRUE,REG,Jack Capuano,3,38,25,2,1,0,40,7,10
2014020107,6,away,TRUE,REG,Claude Julien,4,33,24,8,4,1,60.3,8,11
2014020107,10,home,FALSE,REG,Randy Carlyle,1,33,39,10,3,0,39.7,8,13
2014020124,6,home,FALSE,REG,Claude Julien,3,28,23,6,2,1,56.9,7,9
2014020124,30,away,TRUE,REG,Mike Yeo,4,42,18,6,2,0,43.1,5,4
2014020138,6,away,TRUE,OT,Claude Julien,3,37,21,9,2,0,55.2,3,0
2014020138,7,home,FALSE,OT,Ted Nolan,2,15,33,9,2,1,44.8,5,6
2014020153,6,home,TRUE,REG,Claude Julien,4,30,18,2,3,0,47.6,3,3
2014020153,9,away,FALSE,REG,Paul MacLean,2,29,31,6,1,0,52.4,7,7
2014020172,6,home,TRUE,OT,Claude Julien,2,25,21,2,0,0,61.5,9,11
2014020172,13,away,FALSE,OT,Gerard Gallant,1,19,27,0,1,0,38.5,7,8
2014020187,6,home,TRUE,REG,Claude Julien,5,32,21,10,4,2,57.1,2,10
2014020187,22,away,FALSE,REG,Dallas Eakins,2,26,16,8,5,1,42.9,7,3
2014020218,6,home,TRUE,REG,Claude Julien,4,23,27,4,1,1,54.9,8,12
2014020218,1,away,FALSE,REG,Peter DeBoer,2,28,20,6,0,0,45.1,5,5
2014020231,6,away,FALSE,REG,Claude Julien,1,26,36,8,3,0,44.2,8,6
2014020231,10,home,TRUE,REG,Randy Carlyle,6,33,34,6,4,3,55.8,11,19
2014020235,6,away,FALSE,REG,Claude Julien,1,22,25,22,3,1,41,6,0
2014020235,8,home,TRUE,REG,Michel Therrien,5,34,24,18,5,1,59,15,4
2014020248,6,home,TRUE,REG,Claude Julien,2,25,30,6,2,0,44.3,6,3
2014020248,12,away,FALSE,REG,Bill Peters,1,34,23,4,3,0,55.7,4,6
2014020267,6,home,TRUE,REG,Claude Julien,2,17,25,4,1,0,52.5,3,11
2014020267,19,away,FALSE,REG,Ken Hitchcock,0,33,16,2,2,0,47.5,7,4
2014020293,6,away,TRUE,SO,Claude Julien,3,41,36,16,1,0,41.8,3,6
2014020293,29,home,FALSE,SO,Todd Richards,3,28,38,4,2,0,58.2,8,4
2014020296,6,home,FALSE,REG,Claude Julien,0,33,31,16,2,0,49.2,6,3
2014020296,8,away,TRUE,REG,Michel Therrien,2,23,21,14,3,1,50.8,13,8
2014020312,6,home,FALSE,OT,Claude Julien,2,29,31,8,2,0,49.1,10,5
2014020312,5,away,TRUE,OT,Mike Johnston,3,33,31,6,3,1,50.9,8,3
2014020336,6,home,TRUE,OT,Claude Julien,2,38,23,10,3,0,56.1,7,7
2014020336,52,away,FALSE,OT,Paul Maurice,1,36,23,6,5,1,43.9,13,6
2014020361,6,away,FALSE,REG,Claude Julien,2,34,24,6,3,0,52.6,11,1
2014020361,24,home,TRUE,REG,Bruce Boudreau,3,28,24,6,3,0,47.4,14,4
2014020371,6,away,FALSE,REG,Claude Julien,0,31,36,8,0,0,50,9,0
2014020371,26,home,TRUE,REG,Darryl Sutter,2,35,28,2,3,0,50,14,4
2014020386,6,away,FALSE,REG,Claude Julien,4,24,23,10,2,0,54,9,5
2014020386,28,home,TRUE,REG,Todd McLellan,7,44,26,6,4,2,46,7,6
2014020400,6,away,TRUE,REG,Claude Julien,5,33,33,8,2,1,44.6,1,6
2014020400,53,home,FALSE,REG,Dave Tippett,2,26,36,4,4,1,55.4,5,6
2014020421,6,home,FALSE,REG,Claude Julien,2,34,29,15,2,0,59.1,4,10
2014020421,16,away,TRUE,REG,Joel Quenneville,3,21,18,11,4,0,40.9,11,14
2014020435,6,home,FALSE,SO,Claude Julien,2,31,27,11,1,0,73.5,13,5
2014020435,9,away,TRUE,SO,Dave Cameron,2,31,34,7,3,1,26.5,15,11
2014020459,6,away,FALSE,SO,Claude Julien,2,35,21,8,3,0,48.6,4,4
2014020459,18,home,TRUE,SO,Peter Laviolette,2,40,15,6,4,1,51.4,12,4
2014020465,6,away,TRUE,OT,Claude Julien,3,25,14,9,2,0,45.9,6,5
2014020465,30,home,FALSE,OT,Mike Yeo,2,37,17,9,2,0,54.1,9,8
2014020477,6,away,FALSE,REG,Claude Julien,1,31,33,8,3,0,63.9,6,7
2014020477,52,home,TRUE,REG,Paul Maurice,2,27,31,6,4,0,36.1,17,11
2014020493,6,home,TRUE,OT,Claude Julien,4,37,25,22,1,1,59.3,4,7
2014020493,7,away,FALSE,OT,Ted Nolan,3,28,29,19,2,1,40.7,6,4
2014020503,6,home,TRUE,REG,Claude Julien,5,25,20,4,4,1,62.5,11,8
2014020503,18,away,FALSE,REG,Peter Laviolette,3,25,23,18,2,0,37.5,6,3
2014020519,6,away,FALSE,REG,Claude Julien,2,28,30,11,3,0,43.8,11,7
2014020519,29,home,TRUE,REG,Todd Richards,6,30,37,13,2,1,56.2,10,7
2014020529,6,home,TRUE,REG,Claude Julien,5,45,20,8,1,1,37.5,6,5
2014020529,17,away,FALSE,REG,Mike Babcock,2,30,25,2,4,1,62.5,6,0
2014020547,6,home,FALSE,SO,Claude Julien,3,28,26,6,2,1,57.1,5,10
2014020547,10,away,TRUE,SO,Randy Carlyle,3,21,36,6,2,1,42.9,9,7
2014020566,6,home,FALSE,OT,Claude Julien,2,28,23,10,3,1,70.4,12,7
2014020566,9,away,TRUE,OT,Dave Cameron,3,26,37,6,5,0,29.6,11,4
2014020576,6,away,FALSE,SO,Claude Julien,1,20,42,11,1,0,52.8,9,8
2014020576,12,home,TRUE,SO,Bill Peters,1,36,31,9,2,0,47.2,3,10
2014020595,6,away,TRUE,OT,Claude Julien,3,24,31,8,2,0,56.2,4,2
2014020595,5,home,FALSE,OT,Mike Johnston,2,39,29,4,4,0,43.8,7,1
2014020598,6,home,TRUE,REG,Claude Julien,3,43,23,7,3,1,61.8,11,5
2014020598,1,away,FALSE,REG,Adam Oates,0,14,19,11,1,0,38.2,9,3
2014020613,6,away,TRUE,REG,Claude Julien,3,18,39,27,4,1,49.1,3,2
2014020613,4,home,FALSE,REG,Craig Berube,1,25,35,13,6,1,50.9,4,3
2014020630,6,home,TRUE,REG,Claude Julien,4,34,18,28,3,0,54.5,12,14
2014020630,14,away,FALSE,REG,Jon Cooper,3,19,24,14,5,0,45.5,11,9
2014020644,6,home,TRUE,REG,Claude Julien,3,32,25,28,3,0,54.1,11,5
2014020644,3,away,FALSE,REG,Alain Vigneault,0,30,33,18,3,0,45.9,11,6
2014020660,6,home,FALSE,REG,Claude Julien,1,35,24,6,2,0,56.1,10,5
2014020660,29,away,TRUE,REG,Todd Richards,3,31,33,4,3,1,43.9,6,5
2014020690,6,away,TRUE,REG,Claude Julien,3,27,13,12,4,1,48.3,12,10
2014020690,25,home,FALSE,REG,Lindy Ruff,1,37,18,8,6,0,51.7,21,8
2014020694,6,away,FALSE,SO,Claude Julien,2,24,27,17,2,0,46.6,0,10
2014020694,21,home,TRUE,SO,Patrick Roy,2,36,26,11,5,0,53.4,7,17
2014020711,6,away,TRUE,REG,Claude Julien,5,33,35,4,1,1,53.6,21,15
2014020711,2,home,FALSE,REG,Jack Capuano,2,45,48,2,2,0,46.4,20,12
2014020730,6,home,TRUE,REG,Claude Julien,3,33,32,2,1,0,60.8,6,4
2014020730,26,away,FALSE,REG,Darryl Sutter,1,31,35,2,1,0,39.2,6,1
2014020756,6,away,FALSE,REG,Claude Julien,2,20,26,4,2,0,66.7,5,5
2014020756,3,home,TRUE,REG,Alain Vigneault,3,25,34,4,2,0,33.3,14,7
2014020775,6,home,TRUE,REG,Claude Julien,2,36,32,13,3,1,64.1,6,5
2014020775,2,away,FALSE,REG,Jack Capuano,1,40,31,11,4,1,35.9,17,7
2014020791,6,home,FALSE,REG,Claude Julien,1,35,31,6,0,0,50.6,9,7
2014020791,8,away,TRUE,REG,Michel Therrien,3,34,27,0,3,0,49.4,11,10
2014020797,6,home,FALSE,REG,Claude Julien,3,44,14,4,3,0,54,11,9
2014020797,25,away,TRUE,REG,Lindy Ruff,5,32,25,21,1,0,46,10,10
2014020822,6,away,FALSE,REG,Claude Julien,2,23,23,6,3,0,61.2,8,3
2014020822,23,home,TRUE,REG,Willie Desjardins,5,25,19,6,3,0,38.8,9,7
2014020843,6,away,FALSE,OT,Claude Julien,3,27,12,6,2,0,49.3,6,9
2014020843,20,home,TRUE,OT,Bob Hartley,4,27,16,6,2,1,50.7,17,14
2014020857,6,away,FALSE,SO,Claude Julien,3,41,23,13,1,1,44.1,5,3
2014020857,22,home,TRUE,SO,Todd Nelson,3,30,26,7,4,2,55.9,12,9
2014020869,6,away,FALSE,REG,Claude Julien,1,27,26,13,5,0,46,3,9
2014020869,19,home,TRUE,REG,Ken Hitchcock,5,15,22,17,3,1,54,2,5
2014020885,6,away,TRUE,REG,Claude Julien,6,30,39,17,4,2,59,10,8
2014020885,16,home,FALSE,REG,Joel Quenneville,2,28,24,17,4,1,41,9,9
2014020894,6,home,FALSE,REG,Claude Julien,1,41,25,6,4,0,64,10,7
2014020894,23,away,TRUE,REG,Willie Desjardins,2,28,28,10,1,0,36,11,5
2014020917,6,away,TRUE,OT,Claude Julien,3,34,30,4,2,0,55.6,5,6
2014020917,1,home,FALSE,OT,Adam Oates,2,31,31,4,2,1,44.4,8,8
2014020927,6,home,TRUE,REG,Claude Julien,4,34,24,2,5,1,59.3,6,5
2014020927,53,away,FALSE,REG,Dave Tippett,1,32,21,10,1,0,40.7,8,7
2014020956,6,home,FALSE,SO,Claude Julien,3,37,18,14,3,0,51.5,9,7
2014020956,20,away,TRUE,SO,Bob Hartley,3,32,24,6,7,2,48.5,15,4
2014020970,6,home,TRUE,OT,Claude Julien,3,37,27,4,4,2,53.2,6,4
2014020970,4,away,FALSE,OT,Craig Berube,2,31,27,8,2,1,46.8,9,3
2014020984,6,home,TRUE,REG,Claude Julien,5,30,19,10,5,2,52.3,6,3
2014020984,17,away,FALSE,REG,Mike Babcock,3,39,22,10,5,1,47.7,10,0
2014020995,6,away,TRUE,REG,Claude Julien,3,22,29,8,3,1,44.6,14,12
2014020995,9,home,FALSE,REG,Dave Cameron,1,40,29,8,3,0,55.4,14,9
2014021002,6,home,TRUE,SO,Claude Julien,2,30,25,6,4,0,46.7,12,7
2014021002,14,away,FALSE,SO,Jon Cooper,2,37,27,20,2,0,53.3,3,11
2014021019,6,away,TRUE,REG,Claude Julien,2,30,35,6,4,0,57.8,1,6
2014021019,5,home,FALSE,REG,Mike Johnston,0,30,55,8,3,0,42.2,6,3
2014021035,6,away,FALSE,REG,Claude Julien,0,32,31,2,4,0,57.1,5,5
2014021035,15,home,TRUE,REG,Barry Trotz,2,38,33,8,1,1,42.9,11,7
2014021041,6,home,FALSE,SO,Claude Julien,1,45,27,4,2,0,57.9,10,8
2014021041,7,away,TRUE,SO,Ted Nolan,1,24,34,4,2,1,42.1,15,10
2014021055,6,away,FALSE,REG,Claude Julien,4,35,29,6,3,1,48.2,11,4
2014021055,9,home,TRUE,REG,Dave Cameron,6,32,24,6,3,0,51.8,14,14
2014021071,6,away,FALSE,SO,Claude Julien,1,27,33,6,3,1,63.1,0,1
2014021071,13,home,TRUE,SO,Gerard Gallant,1,25,49,6,3,0,36.9,4,10
2014021080,6,away,FALSE,REG,Claude Julien,3,28,21,9,2,1,51,9,7
2014021080,14,home,TRUE,REG,Jon Cooper,5,19,19,11,1,1,49,12,12
2014021101,6,home,FALSE,OT,Claude Julien,2,29,32,8,4,2,45.3,10,3
2014021101,24,away,TRUE,OT,Bruce Boudreau,3,32,44,12,2,0,54.7,13,7
2014021116,6,home,TRUE,REG,Claude Julien,4,30,33,7,1,0,60,7,7
2014021116,3,away,FALSE,REG,Alain Vigneault,2,32,36,24,0,0,40,10,1
2014021131,6,away,TRUE,OT,Claude Julien,2,30,33,6,3,0,40.3,8,7
2014021131,12,home,FALSE,OT,Bill Peters,1,31,49,6,3,0,59.7,10,13
2014021142,6,home,TRUE,REG,Claude Julien,3,29,23,6,4,0,62.7,8,2
2014021142,13,away,FALSE,REG,Gerard Gallant,2,24,32,8,3,1,37.3,5,8
2014021156,6,away,TRUE,REG,Claude Julien,3,25,22,10,4,1,49.2,3,0
2014021156,17,home,FALSE,REG,Mike Babcock,2,37,21,8,5,1,50.8,5,4
2014021170,6,home,TRUE,SO,Claude Julien,1,50,29,4,3,0,52.5,11,5
2014021170,10,away,FALSE,SO,Peter Horachek,1,28,31,6,2,0,47.5,12,5
2014021201,6,away,FALSE,REG,Claude Julien,0,27,22,6,0,0,61.9,11,4
2014021201,15,home,TRUE,REG,Barry Trotz,3,33,35,0,3,0,38.1,14,14
2014021207,6,away,FALSE,REG,Claude Julien,2,36,29,17,3,1,50,4,6
2014021207,13,home,TRUE,REG,Gerard Gallant,4,30,24,17,3,1,50,8,4
2014021225,6,away,FALSE,SO,Claude Julien,2,38,23,4,3,0,58.9,3,5
2014021225,14,home,TRUE,SO,Jon Cooper,2,25,35,8,1,0,41.1,14,6
2015020005,6,home,FALSE,REG,Claude Julien,2,31,31,2,2,0,49.2,11,4
2015020005,52,away,TRUE,REG,Paul Maurice,6,32,32,6,0,0,50.8,8,7
2015020018,6,home,FALSE,REG,Claude Julien,2,21,33,37,4,1,44.8,6,4
2015020018,8,away,TRUE,REG,Michel Therrien,4,38,16,16,6,1,55.2,5,5
2015020032,6,home,FALSE,REG,Claude Julien,3,30,34,8,4,3,50.8,5,16
2015020032,14,away,TRUE,REG,Jon Cooper,6,23,9,8,4,2,49.2,7,8
2015020048,6,away,TRUE,REG,Claude Julien,6,25,6,8,2,0,52.8,1,9
2015020048,21,home,FALSE,REG,Patrick Roy,2,23,16,4,4,1,47.2,3,9
2015020074,6,away,TRUE,REG,Claude Julien,5,43,32,13,6,3,48.3,5,4
2015020074,53,home,FALSE,REG,Dave Tippett,3,24,19,17,4,1,51.7,4,6
2015020089,6,home,FALSE,OT,Claude Julien,4,30,28,19,3,1,42.1,13,11
2015020089,4,away,TRUE,OT,Dave Hakstol,5,37,38,8,2,1,57.9,4,6
2015020101,6,away,TRUE,REG,Claude Julien,5,26,46,9,3,0,48.1,8,7
2015020101,2,home,FALSE,REG,Jack Capuano,3,26,36,11,2,1,51.9,14,13
2015020124,6,home,TRUE,REG,Claude Julien,6,27,12,6,4,1,50,6,7
2015020124,53,away,FALSE,REG,Dave Tippett,0,24,21,28,3,0,50,10,9
2015020150,6,away,TRUE,REG,Claude Julien,3,30,41,25,3,2,54,2,8
2015020150,13,home,FALSE,REG,Gerard Gallant,1,32,34,6,6,1,46,5,6
2015020159,6,away,TRUE,REG,Claude Julien,3,34,28,10,3,1,44.8,6,10
2015020159,14,home,FALSE,REG,Jon Cooper,1,22,21,6,5,1,55.2,9,8
2015020172,6,home,FALSE,REG,Claude Julien,3,39,24,8,4,1,59.1,8,9
2015020172,25,away,TRUE,REG,Lindy Ruff,5,19,15,8,4,3,40.9,8,7
2015020186,6,away,FALSE,REG,Claude Julien,1,29,25,13,2,1,57.4,9,6
2015020186,15,home,TRUE,REG,Barry Trotz,4,31,25,9,4,1,42.6,12,10
2015020202,6,away,FALSE,REG,Claude Julien,2,31,42,6,5,1,47.4,17,3
2015020202,8,home,TRUE,REG,Michel Therrien,4,33,24,18,3,2,52.6,11,3
2015020213,6,away,TRUE,REG,Claude Julien,2,27,25,16,3,1,50,6,8
2015020213,2,home,FALSE,REG,Jack Capuano,1,37,25,8,7,1,50,8,8
2015020230,6,home,FALSE,REG,Claude Julien,2,27,27,13,2,1,52.5,13,2
2015020230,21,away,TRUE,REG,Patrick Roy,3,30,21,17,3,0,47.5,13,4
2015020247,6,home,TRUE,REG,Claude Julien,3,31,24,6,1,0,49.1,11,5
2015020247,17,away,FALSE,REG,Jeff Blashill,1,23,13,2,3,1,50.9,19,6
2015020267,6,home,FALSE,REG,Claude Julien,4,29,33,10,3,2,54.1,8,7
2015020267,28,away,TRUE,REG,Peter DeBoer,5,28,21,6,5,2,45.9,8,4
2015020278,6,home,TRUE,REG,Claude Julien,4,38,29,29,4,1,45.8,11,5
2015020278,30,away,FALSE,REG,Mike Yeo,2,26,23,19,3,0,54.2,16,6
2015020293,6,home,TRUE,REG,Claude Julien,2,37,23,2,1,0,54.7,10,6
2015020293,10,away,FALSE,REG,Mike Babcock,0,22,29,2,1,0,45.3,16,8
2015020312,6,away,TRUE,SO,Claude Julien,3,29,25,16,3,0,42.9,6,4
2015020312,10,home,FALSE,SO,Mike Babcock,3,42,41,10,6,0,57.1,10,15
2015020325,6,away,TRUE,OT,Claude Julien,3,22,23,6,3,0,55.3,4,3
2015020325,17,home,FALSE,OT,Jeff Blashill,2,34,14,6,3,0,44.7,7,7
2015020330,6,home,TRUE,REG,Claude Julien,4,34,24,11,3,2,50,6,1
2015020330,3,away,FALSE,REG,Alain Vigneault,3,27,23,21,3,1,50,9,11
2015020371,6,away,FALSE,SO,Claude Julien,2,40,14,10,2,0,41.8,13,5
2015020371,22,home,TRUE,SO,Todd McLellan,2,36,18,4,5,0,58.2,24,13
2015020385,6,away,FALSE,OT,Claude Julien,4,38,11,10,1,0,50,8,4
2015020385,20,home,TRUE,OT,Bob Hartley,5,37,11,4,4,0,50,13,7
2015020396,6,away,TRUE,REG,Claude Julien,4,22,15,25,1,0,53.7,4,9
2015020396,23,home,FALSE,REG,Willie Desjardins,0,17,20,31,3,0,46.3,6,3
2015020405,6,home,FALSE,REG,Claude Julien,2,17,30,26,3,1,54.5,7,2
2015020405,18,away,TRUE,REG,Peter Laviolette,3,33,24,18,7,2,45.5,4,7
2015020417,6,away,TRUE,REG,Claude Julien,3,23,40,8,2,0,48.1,12,3
2015020417,8,home,FALSE,REG,Michel Therrien,1,33,23,6,3,0,51.9,15,11
2015020435,6,home,TRUE,REG,Claude Julien,3,25,25,8,1,1,56.1,7,4
2015020435,13,away,FALSE,REG,Gerard Gallant,1,27,25,8,1,0,43.9,18,4
2015020448,6,home,FALSE,OT,Claude Julien,2,49,36,11,3,0,51.9,11,7
2015020448,22,away,TRUE,OT,Todd McLellan,3,24,30,11,3,0,48.1,14,4
2015020465,6,home,TRUE,REG,Claude Julien,3,29,25,6,4,1,49.2,11,8
2015020465,5,away,FALSE,REG,Mike Sullivan,0,34,29,8,3,0,50.8,15,10
2015020477,6,away,TRUE,REG,Claude Julien,6,34,31,12,4,1,52.1,4,2
2015020477,5,home,FALSE,REG,Mike Sullivan,2,32,30,10,5,0,47.9,11,0
2015020494,6,home,TRUE,SO,Claude Julien,1,39,31,8,1,0,60.9,11,5
2015020494,1,away,FALSE,SO,John Hynes,1,30,24,6,2,0,39.1,7,6
2015020507,6,home,FALSE,REG,Claude Julien,0,32,32,7,0,0,55.4,15,10
2015020507,19,away,TRUE,REG,Ken Hitchcock,2,29,34,5,1,0,44.6,6,9
2015020517,6,home,FALSE,REG,Claude Julien,3,33,28,6,3,0,55,9,13
2015020517,7,away,TRUE,REG,Dan Bylsma,6,29,24,6,3,0,45,7,7
2015020526,6,away,FALSE,REG,Claude Julien,1,39,39,19,2,0,62.3,10,8
2015020526,9,home,TRUE,REG,Dave Cameron,3,22,47,9,2,1,37.7,11,9
2015020541,6,home,TRUE,REG,Claude Julien,7,37,28,52,7,4,52.9,13,8
2015020541,9,away,FALSE,REG,Dave Cameron,3,32,36,58,4,0,47.1,15,10
2015020565,6,home,FALSE,REG,Claude Julien,1,28,29,16,3,0,46.2,1,3
2015020565,8,away,TRUE,REG,Michel Therrien,5,30,18,14,4,0,53.8,5,5
2015020588,6,home,FALSE,REG,Claude Julien,2,27,33,6,4,1,49.1,13,5
2015020588,15,away,TRUE,REG,Barry Trotz,3,29,26,8,3,1,50.9,10,5
2015020608,6,away,TRUE,REG,Claude Julien,4,31,17,11,3,1,46.9,1,8
2015020608,1,home,FALSE,REG,John Hynes,1,20,34,13,2,0,53.1,9,4
2015020617,6,away,FALSE,OT,Claude Julien,1,34,28,6,1,0,46.2,11,10
2015020617,9,home,TRUE,OT,Dave Cameron,2,40,36,4,2,0,53.8,12,11
2015020630,6,away,FALSE,REG,Claude Julien,1,33,24,0,1,0,51.9,3,4
2015020630,3,home,TRUE,REG,Alain Vigneault,2,30,30,2,0,0,48.1,14,7
2015020643,6,away,FALSE,REG,Claude Julien,2,32,28,11,2,1,50,8,4
2015020643,4,home,TRUE,REG,Dave Hakstol,3,21,25,9,3,0,50,13,4
2015020654,6,away,TRUE,REG,Claude Julien,4,31,25,13,2,0,50.8,6,1
2015020654,7,home,FALSE,REG,Dan Bylsma,1,34,24,9,4,0,49.2,4,7
2015020662,6,home,TRUE,REG,Claude Julien,3,45,36,17,1,0,42.9,7,11
2015020662,10,away,FALSE,REG,Mike Babcock,2,29,30,11,5,0,57.1,11,9
2015020686,6,away,TRUE,REG,Claude Julien,4,24,46,10,3,0,48.4,16,5
2015020686,8,home,FALSE,REG,Michel Therrien,1,39,23,6,5,0,51.6,18,5
2015020693,6,home,FALSE,REG,Claude Julien,2,30,25,0,0,0,45.9,23,12
2015020693,23,away,TRUE,REG,Willie Desjardins,4,27,23,0,0,0,54.1,20,6
2015020711,6,home,TRUE,SO,Claude Julien,2,34,14,8,5,0,47,20,6
2015020711,29,away,FALSE,SO,John Tortorella,2,33,20,10,4,0,53,18,10
2015020727,6,away,TRUE,REG,Claude Julien,3,31,34,10,4,2,42.2,3,4
2015020727,4,home,FALSE,REG,Dave Hakstol,2,36,28,8,4,1,57.8,13,3
2015020731,6,home,FALSE,REG,Claude Julien,2,34,20,15,4,0,52.3,12,6
2015020731,24,away,TRUE,REG,Bruce Boudreau,6,39,15,15,4,1,47.7,10,8
2015020744,6,home,FALSE,OT,Claude Julien,3,42,20,8,4,0,59.7,9,11
2015020744,10,away,TRUE,OT,Mike Babcock,4,35,29,10,3,1,40.3,12,11
2015020759,6,away,TRUE,SO,Claude Julien,2,33,17,6,4,0,47.5,2,1
2015020759,7,home,FALSE,SO,Dan Bylsma,2,28,23,8,3,0,52.5,5,3
2015020779,6,home,TRUE,OT,Claude Julien,2,38,24,8,2,0,47.1,10,4
2015020779,7,away,FALSE,OT,Dan Bylsma,1,38,28,6,3,0,52.9,9,6
2015020794,6,home,FALSE,REG,Claude Julien,2,37,30,16,3,1,40,6,6
2015020794,26,away,TRUE,REG,Darryl Sutter,9,57,30,16,3,3,60,10,13
2015020814,6,away,TRUE,REG,Claude Julien,6,39,21,27,3,0,47.9,6,8
2015020814,52,home,FALSE,REG,Paul Maurice,2,36,17,23,5,1,52.1,10,5
2015020826,6,away,TRUE,REG,Claude Julien,4,19,24,10,6,0,55.6,6,7
2015020826,30,home,FALSE,REG,Mike Yeo,2,33,21,12,5,0,44.4,5,9
2015020837,6,away,FALSE,REG,Claude Julien,5,22,30,12,2,0,45.9,2,7
2015020837,17,home,TRUE,REG,Jeff Blashill,6,35,14,6,5,2,54.1,6,6
2015020850,6,away,TRUE,OT,Claude Julien,2,30,20,6,4,0,55.2,2,7
2015020850,29,home,FALSE,OT,John Tortorella,1,29,29,8,3,0,44.8,5,7
2015020865,6,away,FALSE,REG,Claude Julien,0,29,22,4,4,0,46.3,7,5
2015020865,18,home,TRUE,REG,Peter Laviolette,2,24,15,8,2,0,53.7,10,8
2015020880,6,away,TRUE,REG,Claude Julien,7,42,11,7,6,3,44.3,8,1
2015020880,25,home,FALSE,REG,Lindy Ruff,3,29,20,17,1,0,55.7,13,5
2015020889,6,home,FALSE,REG,Claude Julien,4,30,24,21,2,0,63.8,8,6
2015020889,29,away,TRUE,REG,John Tortorella,6,35,31,9,3,2,36.2,7,16
2015020903,6,home,TRUE,REG,Claude Julien,5,29,25,7,0,0,45.9,6,10
2015020903,5,away,FALSE,REG,Mike Sullivan,1,42,20,5,1,0,54.1,15,11
2015020918,6,away,TRUE,REG,Claude Julien,4,22,20,8,1,0,49.2,9,6
2015020918,12,home,FALSE,REG,Bill Peters,1,40,21,4,3,1,50.8,9,9
2015020933,6,home,FALSE,REG,Claude Julien,1,33,20,8,6,0,47.7,7,6
2015020933,14,away,TRUE,REG,Jon Cooper,4,30,18,14,3,2,52.3,14,14
2015020943,6,home,TRUE,REG,Claude Julien,2,25,17,8,5,1,60.3,11,13
2015020943,20,away,FALSE,REG,Bob Hartley,1,25,27,10,4,0,39.7,19,5
2015020954,6,home,TRUE,REG,Claude Julien,4,25,23,4,2,1,45.9,10,11
2015020954,16,away,FALSE,REG,Joel Quenneville,2,27,18,4,2,1,54.1,22,10
2015020973,6,home,FALSE,OT,Claude Julien,1,34,28,13,5,0,52.7,15,5
2015020973,15,away,TRUE,OT,Barry Trotz,2,30,16,18,3,0,47.3,9,9
2015020988,6,away,TRUE,OT,Claude Julien,5,32,22,17,2,0,41.5,7,5
2015020988,13,home,FALSE,OT,Gerard Gallant,4,51,19,23,4,1,58.5,9,11
2015020998,6,away,TRUE,OT,Claude Julien,1,33,30,10,0,0,52.9,5,5
2015020998,14,home,FALSE,OT,Jon Cooper,0,42,18,2,4,0,47.1,8,4
2015021007,6,home,FALSE,OT,Claude Julien,2,32,19,6,2,1,43.1,16,9
2015021007,12,away,TRUE,OT,Bill Peters,3,28,17,4,3,1,56.9,10,9
2015021018,6,home,TRUE,REG,Claude Julien,3,31,26,2,1,1,50,13,9
2015021018,2,away,FALSE,REG,Jack Capuano,1,26,38,4,0,0,50,19,10
2015021046,6,away,FALSE,REG,Claude Julien,2,23,22,8,1,0,55.6,12,3
2015021046,28,home,TRUE,REG,Peter DeBoer,3,27,17,2,4,1,44.4,13,5
2015021066,6,away,FALSE,REG,Claude Julien,0,38,33,11,2,0,46.8,11,3
2015021066,24,home,TRUE,REG,Bruce Boudreau,4,26,29,11,2,0,53.2,10,2
2015021077,6,away,FALSE,REG,Claude Julien,1,28,45,9,4,0,62,8,1
2015021077,26,home,TRUE,REG,Darryl Sutter,2,20,29,13,2,0,38,9,5
2015021100,6,away,FALSE,REG,Claude Julien,2,41,30,17,2,0,62.7,11,7
2015021100,3,home,TRUE,REG,Alain Vigneault,5,24,27,9,6,2,37.3,13,14
2015021101,6,home,FALSE,REG,Claude Julien,1,35,19,8,4,0,47.4,15,6
2015021101,13,away,TRUE,REG,Gerard Gallant,4,36,19,8,4,0,52.6,1,5
2015021119,6,away,TRUE,REG,Claude Julien,3,33,43,8,4,2,44.6,12,15
2015021119,10,home,FALSE,REG,Mike Babcock,1,26,26,12,2,0,55.4,11,14
2015021140,6,away,FALSE,REG,Claude Julien,1,40,14,12,2,0,50.8,3,0
2015021140,1,home,TRUE,REG,John Hynes,2,15,23,6,5,2,49.2,7,2
2015021163,6,away,TRUE,REG,Claude Julien,6,28,29,10,4,2,43.1,1,5
2015021163,19,home,FALSE,REG,Ken Hitchcock,5,30,21,8,5,0,56.9,6,6
2015021178,6,away,FALSE,REG,Claude Julien,4,46,31,10,1,0,58.1,5,2
2015021178,16,home,TRUE,REG,Joel Quenneville,6,34,17,6,3,2,41.9,10,3
2015021188,6,home,FALSE,SO,Claude Julien,1,36,22,13,3,0,58.1,12,6
2015021188,12,away,TRUE,SO,Bill Peters,1,28,18,13,3,0,41.9,10,13
2015021202,6,home,TRUE,REG,Claude Julien,5,34,20,8,4,1,52.5,6,5
2015021202,17,away,FALSE,REG,Jeff Blashill,2,15,21,8,4,0,47.5,6,8
2015021216,6,home,FALSE,REG,Claude Julien,1,40,24,7,4,0,56.7,13,0
2015021216,9,away,TRUE,REG,Dave Cameron,6,36,30,15,0,0,43.3,8,8
2016020008,6,away,TRUE,REG,Claude Julien,6,37,14,8,2,0,53.8,2,9
2016020008,29,home,FALSE,REG,John Tortorella,3,31,29,6,3,1,46.2,9,5
2016020017,6,away,FALSE,REG,Claude Julien,1,25,24,18,4,1,38.5,11,11
2016020017,10,home,TRUE,REG,Mike Babcock,4,24,28,18,4,0,61.5,9,9
2016020036,6,away,TRUE,REG,Claude Julien,4,25,15,10,4,0,56.2,14,4
2016020036,52,home,FALSE,REG,Paul Maurice,1,35,24,8,5,0,43.8,16,8
2016020051,6,home,TRUE,REG,Claude Julien,2,36,29,6,4,0,47.8,4,3
2016020051,1,away,FALSE,REG,John Hynes,1,29,20,8,3,1,52.2,14,11
2016020065,6,home,FALSE,REG,Claude Julien,2,21,31,14,6,1,42.9,6,8
2016020065,8,away,TRUE,REG,Michel Therrien,4,29,22,16,5,0,57.1,12,11
2016020083,6,home,FALSE,REG,Claude Julien,0,27,26,15,3,0,46.7,16,9
2016020083,30,away,TRUE,REG,Bruce Boudreau,5,33,16,13,4,1,53.3,15,10
2016020095,6,away,FALSE,REG,Claude Julien,2,29,22,14,1,0,58.2,5,10
2016020095,3,home,TRUE,REG,Alain Vigneault,5,31,14,4,6,2,41.8,15,16
2016020115,6,away,TRUE,REG,Claude Julien,1,36,13,12,4,0,63.6,6,5
2016020115,17,home,FALSE,REG,Jeff Blashill,0,24,32,12,4,0,36.4,13,3
2016020136,6,away,TRUE,REG,Claude Julien,2,26,16,26,3,0,55.1,4,11
2016020136,13,home,FALSE,REG,Gerard Gallant,1,34,14,20,7,0,44.9,9,13
2016020151,6,away,TRUE,SO,Claude Julien,3,31,21,8,4,1,47.3,8,7
2016020151,14,home,FALSE,SO,Jon Cooper,3,30,20,8,4,2,52.7,9,9
2016020162,6,home,FALSE,REG,Claude Julien,2,37,21,6,3,0,53.6,9,7
2016020162,3,away,TRUE,REG,Alain Vigneault,5,24,16,6,3,1,46.4,11,15
2016020180,6,home,TRUE,REG,Claude Julien,4,42,20,11,8,3,49.1,11,5
2016020180,7,away,FALSE,REG,Dan Bylsma,0,32,25,21,3,0,50.9,10,8
2016020189,6,away,FALSE,REG,Claude Julien,2,43,23,4,2,1,54.8,8,7
2016020189,8,home,TRUE,REG,Michel Therrien,3,23,26,4,2,1,45.2,14,9
2016020196,6,home,TRUE,REG,Claude Julien,5,32,12,6,2,0,69.1,10,5
2016020196,29,away,FALSE,REG,John Tortorella,2,18,21,4,3,0,30.9,17,7
2016020221,6,away,TRUE,REG,Claude Julien,2,29,11,11,0,0,64.2,7,4
2016020221,53,home,FALSE,REG,Dave Tippett,1,32,26,5,3,1,35.8,7,3
2016020227,6,away,TRUE,REG,Claude Julien,2,46,12,4,2,0,44.6,3,8
2016020227,21,home,FALSE,REG,Jared Bednar,0,21,19,4,2,0,55.4,11,10
2016020250,6,away,FALSE,REG,Claude Julien,0,25,12,8,2,0,43.3,3,4
2016020250,30,home,TRUE,REG,Bruce Boudreau,1,29,13,6,3,0,56.7,6,9
2016020262,6,home,TRUE,REG,Claude Julien,4,38,18,10,4,1,69.6,6,3
2016020262,52,away,FALSE,REG,Paul Maurice,1,12,36,10,4,0,30.4,11,8
2016020283,6,home,FALSE,REG,Claude Julien,2,41,21,4,3,1,46.3,11,2
2016020283,19,away,TRUE,REG,Ken Hitchcock,4,28,15,6,2,0,53.7,8,10
2016020301,6,away,FALSE,REG,Claude Julien,1,20,36,6,1,1,40.4,9,3
2016020301,9,home,TRUE,REG,Guy Boucher,3,26,36,4,2,0,59.6,13,8
2016020308,6,home,FALSE,REG,Claude Julien,1,36,23,13,4,0,54.3,13,10
2016020308,20,away,TRUE,REG,Glen Gulutzan,2,29,23,19,1,0,45.7,7,17
2016020322,6,home,TRUE,REG,Claude Julien,4,30,22,11,1,1,47.5,6,6
2016020322,14,away,FALSE,REG,Jon Cooper,1,31,19,9,2,0,52.5,14,8
2016020331,6,away,FALSE,SO,Claude Julien,2,47,36,14,4,0,54.7,8,6
2016020331,4,home,TRUE,SO,Dave Hakstol,2,21,30,12,5,1,45.3,13,4
2016020345,6,home,TRUE,SO,Claude Julien,1,35,26,4,4,0,58,13,3
2016020345,12,away,FALSE,SO,Bill Peters,1,30,20,8,2,1,42,10,11
2016020359,6,away,TRUE,REG,Claude Julien,2,33,22,6,2,0,46.1,5,7
2016020359,7,home,FALSE,REG,Dan Bylsma,1,36,21,4,3,0,53.9,6,1
2016020378,6,home,TRUE,OT,Claude Julien,4,36,19,6,3,0,61,10,7
2016020378,13,away,FALSE,OT,Tom Rowe,3,30,31,6,3,0,39,13,11
2016020392,6,away,FALSE,OT,Claude Julien,3,34,25,6,3,1,54.5,10,11
2016020392,15,home,TRUE,OT,Barry Trotz,4,20,24,8,2,0,45.5,13,7
2016020395,6,home,FALSE,REG,Claude Julien,2,31,26,6,2,0,45.8,8,12
2016020395,21,away,TRUE,REG,Jared Bednar,4,22,27,6,2,0,54.2,8,15
2016020413,6,home,FALSE,REG,Claude Julien,1,33,27,4,1,0,54.7,7,8
2016020413,10,away,TRUE,REG,Mike Babcock,4,20,24,2,2,0,45.3,9,11
2016020430,6,away,TRUE,OT,Claude Julien,2,29,34,17,1,0,52.5,16,4
2016020430,8,home,FALSE,OT,Michel Therrien,1,31,31,9,5,0,47.5,14,12
2016020442,6,away,FALSE,OT,Claude Julien,3,44,29,8,4,0,62,3,5
2016020442,5,home,TRUE,OT,Mike Sullivan,4,37,36,8,4,2,38,7,11
2016020445,6,home,FALSE,REG,Claude Julien,3,34,23,6,4,1,45.8,8,6
2016020445,24,away,TRUE,REG,Randy Carlyle,4,28,22,8,3,0,54.2,7,5
2016020470,6,home,TRUE,REG,Claude Julien,1,30,28,13,4,0,47.3,5,14
2016020470,26,away,FALSE,REG,Darryl Sutter,0,18,23,13,4,0,52.7,10,10
2016020481,6,home,FALSE,REG,Claude Julien,2,50,32,10,3,0,66,10,10
2016020481,2,away,TRUE,REG,Jack Capuano,4,29,32,10,3,1,34,12,12
2016020501,6,away,TRUE,REG,Claude Julien,3,33,12,6,3,1,56.1,6,8
2016020501,13,home,FALSE,REG,Tom Rowe,1,30,21,6,3,0,43.9,12,8
2016020511,6,away,FALSE,OT,Claude Julien,2,33,11,4,3,1,50.8,5,17
2016020511,12,home,TRUE,OT,Bill Peters,3,23,26,6,2,0,49.2,14,18
2016020520,6,away,FALSE,REG,Claude Julien,3,40,8,8,3,0,52.4,4,6
2016020520,29,home,TRUE,REG,John Tortorella,4,22,12,8,3,1,47.6,9,8
2016020532,6,away,TRUE,REG,Claude Julien,4,38,18,29,5,1,51.6,5,3
2016020532,7,home,FALSE,REG,Dan Bylsma,2,33,27,17,6,1,48.4,5,7
2016020548,6,home,TRUE,REG,Claude Julien,3,28,22,10,3,1,46.4,9,8
2016020548,7,away,FALSE,REG,Dan Bylsma,1,27,31,18,4,0,53.6,7,9
2016020563,6,away,FALSE,REG,Claude Julien,0,22,16,19,2,0,47.2,2,2
2016020563,1,home,TRUE,REG,John Hynes,3,26,12,11,6,0,52.8,4,6
2016020578,6,home,FALSE,REG,Claude Julien,3,36,20,7,3,1,58.6,7,6
2016020578,22,away,TRUE,REG,Todd McLellan,4,25,26,11,1,0,41.4,9,11
2016020596,6,away,TRUE,REG,Claude Julien,4,37,14,8,6,1,60.9,10,3
2016020596,13,home,FALSE,REG,Tom Rowe,0,25,24,14,3,0,39.1,8,6
2016020604,6,away,FALSE,OT,Claude Julien,3,35,26,2,1,0,38.8,9,11
2016020604,12,home,TRUE,OT,Bill Peters,4,30,12,2,1,0,61.2,9,17
2016020615,6,away,TRUE,REG,Claude Julien,5,39,20,27,4,2,49.3,3,8
2016020615,19,home,FALSE,REG,Ken Hitchcock,3,17,24,15,5,2,50.7,4,7
2016020627,6,away,FALSE,REG,Claude Julien,1,36,14,10,3,1,54.5,4,4
2016020627,18,home,TRUE,REG,Peter Laviolette,2,19,21,11,1,0,45.5,19,8
2016020640,6,home,TRUE,REG,Claude Julien,6,39,14,10,6,2,54.8,4,9
2016020640,4,away,FALSE,REG,Dave Hakstol,3,24,21,15,4,2,45.2,11,8
2016020656,6,home,FALSE,REG,Claude Julien,0,32,17,8,2,0,52.9,3,8
2016020656,2,away,TRUE,REG,Jack Capuano,4,27,26,4,4,0,47.1,11,13
2016020674,6,away,FALSE,SO,Claude Julien,5,33,17,8,2,2,58.5,5,5
2016020674,17,home,TRUE,SO,Jeff Blashill,5,25,25,4,4,0,41.5,14,5
2016020685,6,home,FALSE,REG,Claude Julien,0,30,19,6,2,0,59.2,5,9
2016020685,16,away,TRUE,REG,Joel Quenneville,1,22,14,4,3,0,40.8,9,12
2016020702,6,away,FALSE,REG,Claude Julien,1,45,30,9,4,0,52.4,4,2
2016020702,5,home,TRUE,REG,Mike Sullivan,5,36,33,15,1,1,47.6,2,5
2016020714,6,home,TRUE,OT,Claude Julien,4,49,29,4,2,1,54.7,13,11
2016020714,17,away,FALSE,OT,Jeff Blashill,3,26,24,6,1,0,45.3,13,10
2016020728,6,home,TRUE,REG,Claude Julien,4,37,27,21,5,1,57.7,7,13
2016020728,5,away,FALSE,REG,Mike Sullivan,3,23,22,31,5,1,42.3,13,12
2016020747,6,away,TRUE,REG,Claude Julien,4,35,20,13,3,1,48.6,10,5
2016020747,14,home,FALSE,REG,Jon Cooper,3,21,27,21,4,0,51.4,9,2
2016020755,6,away,FALSE,REG,Claude Julien,3,33,24,6,3,2,46.4,9,5
2016020755,15,home,TRUE,REG,Barry Trotz,5,22,17,6,3,1,53.6,12,5
2016020774,6,home,FALSE,REG,Claude Julien,5,41,30,11,5,2,59.7,12,10
2016020774,10,away,TRUE,REG,Mike Babcock,6,26,30,17,2,1,40.3,8,16
2016020802,6,home,TRUE,REG,Bruce Cassidy,6,33,27,4,3,2,56.1,10,10
2016020802,28,away,FALSE,REG,Peter DeBoer,3,26,23,6,2,0,43.9,13,10
2016020815,6,home,TRUE,REG,Bruce Cassidy,4,30,25,6,2,1,49.1,10,11
2016020815,23,away,FALSE,REG,Willie Desjardins,3,32,23,4,3,1,50.9,12,10
2016020832,6,home,TRUE,REG,Bruce Cassidy,4,36,24,22,7,1,52.9,13,8
2016020832,8,away,FALSE,REG,Michel Therrien,0,25,29,24,6,0,47.1,9,9
2016020877,6,away,TRUE,OT,Bruce Cassidy,2,28,21,4,1,0,48.6,10,10
2016020877,28,home,FALSE,OT,Peter DeBoer,1,30,18,4,1,0,51.4,13,12
2016020893,6,away,FALSE,REG,Bruce Cassidy,3,29,18,6,5,0,44.3,14,3
2016020893,24,home,TRUE,REG,Randy Carlyle,5,25,23,10,3,0,55.7,14,7
2016020899,6,away,TRUE,REG,Bruce Cassidy,4,25,33,8,1,1,45.5,12,5
2016020899,26,home,FALSE,REG,Darryl Sutter,1,28,38,4,3,1,54.5,9,1
2016020912,6,away,TRUE,REG,Bruce Cassidy,6,28,8,14,2,1,59.1,13,5
2016020912,25,home,FALSE,REG,Lindy Ruff,3,36,31,14,2,1,40.9,14,4
2016020922,6,home,TRUE,REG,Bruce Cassidy,4,25,18,23,2,0,68,8,10
2016020922,53,away,FALSE,REG,Dave Tippett,1,23,23,8,4,1,32,14,10
2016020936,6,home,FALSE,REG,Bruce Cassidy,1,33,24,8,2,0,55.6,15,10
2016020936,3,away,TRUE,REG,Alain Vigneault,2,21,27,4,4,0,44.4,10,11
2016020952,6,home,TRUE,REG,Bruce Cassidy,3,40,26,2,5,1,51.6,13,6
2016020952,1,away,FALSE,REG,John Hynes,2,17,26,10,1,0,48.4,6,10
2016020970,6,away,FALSE,REG,Bruce Cassidy,2,27,21,6,1,1,41.4,15,8
2016020970,9,home,TRUE,REG,Guy Boucher,4,29,26,4,2,1,58.6,12,11
2016020982,6,home,TRUE,REG,Bruce Cassidy,6,29,22,10,2,0,60.3,16,13
2016020982,17,away,FALSE,REG,Jeff Blashill,1,27,30,8,3,0,39.7,16,6
2016021000,6,home,TRUE,REG,Bruce Cassidy,2,27,26,9,3,1,56.2,14,16
2016021000,4,away,FALSE,REG,Dave Hakstol,1,27,28,11,2,0,43.8,10,15
2016021021,6,away,TRUE,REG,Bruce Cassidy,6,43,19,4,2,1,52.8,4,5
2016021021,23,home,FALSE,REG,Willie Desjardins,3,29,31,4,2,0,47.2,9,11
2016021034,6,away,TRUE,REG,Bruce Cassidy,5,32,7,6,2,0,66.1,9,4
2016021034,20,home,FALSE,REG,Glen Gulutzan,2,23,16,4,3,0,33.9,21,19
2016021044,6,away,FALSE,REG,Bruce Cassidy,4,36,22,24,4,2,45.6,13,5
2016021044,22,home,TRUE,REG,Todd McLellan,7,36,28,20,6,3,54.4,19,15
2016021070,6,away,FALSE,REG,Bruce Cassidy,2,34,26,10,1,0,56.5,7,7
2016021070,10,home,TRUE,REG,Mike Babcock,4,30,20,6,3,1,43.5,8,11
2016021075,6,home,FALSE,REG,Bruce Cassidy,2,36,19,12,5,2,53.7,15,10
2016021075,9,away,TRUE,REG,Guy Boucher,3,22,31,12,5,1,46.3,9,14
2016021089,6,home,FALSE,REG,Bruce Cassidy,3,31,26,14,4,1,58.9,16,14
2016021089,14,away,TRUE,REG,Jon Cooper,6,29,25,12,5,2,41.1,10,14
2016021111,6,away,TRUE,REG,Bruce Cassidy,2,18,26,12,3,0,51.1,10,4
2016021111,2,home,FALSE,REG,Doug Weight,1,19,29,6,6,0,48.9,6,1
2016021127,6,home,TRUE,REG,Bruce Cassidy,4,31,22,21,3,0,42.1,14,9
2016021127,18,away,FALSE,REG,Peter Laviolette,1,25,27,45,3,0,57.9,9,10
2016021141,6,home,TRUE,REG,Bruce Cassidy,2,24,25,6,3,1,50.8,8,10
2016021141,25,away,FALSE,REG,Lindy Ruff,0,27,25,6,3,0,49.2,18,18
2016021157,6,home,TRUE,REG,Bruce Cassidy,5,29,16,8,4,1,42.6,10,7
2016021157,13,away,FALSE,REG,Tom Rowe,2,26,21,8,4,1,57.4,16,12
2016021165,6,away,TRUE,REG,Bruce Cassidy,3,29,29,6,1,1,56.5,12,7
2016021165,16,home,FALSE,REG,Joel Quenneville,2,43,21,2,3,0,43.5,9,7
2016021179,6,home,TRUE,REG,Bruce Cassidy,4,38,21,17,1,1,69.2,6,9
2016021179,14,away,FALSE,REG,Jon Cooper,0,28,33,4,1,0,30.8,12,16
2016021194,6,home,FALSE,SO,Bruce Cassidy,1,29,22,8,1,1,61.5,6,10
2016021194,9,away,TRUE,SO,Guy Boucher,1,26,28,6,2,0,38.5,14,10
2016021209,6,home,FALSE,REG,Bruce Cassidy,1,22,26,10,2,0,57.7,7,13
2016021209,15,away,TRUE,REG,Barry Trotz,3,32,19,8,4,0,42.3,16,22
2016030121,6,away,TRUE,REG,Bruce Cassidy,2,25,27,4,4,0,50,5,5
2016030121,9,home,FALSE,REG,Guy Boucher,1,27,35,8,2,0,50,14,6
2016030122,6,away,FALSE,OT,Bruce Cassidy,3,29,53,10,3,1,46,12,3
2016030122,9,home,TRUE,OT,Guy Boucher,4,29,51,8,4,1,54,22,8
2016030123,6,home,FALSE,OT,Bruce Cassidy,3,20,44,12,3,1,45.2,9,19
2016030123,9,away,TRUE,OT,Guy Boucher,4,32,38,10,4,2,54.8,6,16
2016030124,6,home,FALSE,REG,Bruce Cassidy,0,22,37,6,1,0,46.3,8,9
2016030124,9,away,TRUE,REG,Guy Boucher,1,27,30,2,3,0,53.7,9,18
2016030125,6,away,TRUE,OT,Bruce Cassidy,3,39,56,12,3,0,53.9,12,5
2016030125,9,home,FALSE,OT,Guy Boucher,2,43,39,8,5,0,46.1,22,8
2016030126,6,home,FALSE,OT,Bruce Cassidy,2,30,42,12,2,1,55.7,14,12
2016030126,9,away,TRUE,OT,Guy Boucher,3,29,32,6,5,2,44.3,16,20
2017020005,6,home,TRUE,REG,Bruce Cassidy,4,32,23,19,5,1,56.8,7,13
2017020005,18,away,FALSE,REG,Peter Laviolette,3,29,25,15,7,2,43.2,12,10
2017020032,6,home,FALSE,REG,Bruce Cassidy,0,29,22,2,4,0,71.2,13,8
2017020032,21,away,TRUE,REG,Jared Bednar,4,23,19,8,1,0,28.8,7,15
2017020048,6,away,FALSE,REG,Bruce Cassidy,3,23,14,20,4,1,51.4,4,9
2017020048,21,home,TRUE,REG,Jared Bednar,6,37,15,18,5,1,48.6,7,12
2017020072,6,away,TRUE,REG,Bruce Cassidy,6,29,34,6,3,2,51.4,3,2
2017020072,53,home,FALSE,REG,Rick Tocchet,2,31,34,6,3,1,48.6,8,3
2017020077,6,away,FALSE,REG,Bruce Cassidy,1,22,21,10,3,0,33.3,11,11
2017020077,54,home,TRUE,REG,Gerard Gallant,3,26,19,6,4,0,66.7,8,19
2017020095,6,home,TRUE,REG,Bruce Cassidy,6,35,21,22,8,4,50,5,15
2017020095,23,away,FALSE,REG,Travis Green,3,29,22,43,6,1,50,8,11
2017020112,6,home,FALSE,OT,Bruce Cassidy,4,31,34,4,3,1,55.4,5,7
2017020112,7,away,TRUE,OT,Phil Housley,5,42,31,6,2,0,44.6,14,14
2017020138,6,home,TRUE,REG,Bruce Cassidy,2,33,22,12,2,0,45.5,16,13
2017020138,28,away,FALSE,REG,Peter DeBoer,1,37,24,4,6,1,54.5,16,10
2017020156,6,home,FALSE,OT,Bruce Cassidy,1,30,34,6,2,0,51.4,4,12
2017020156,26,away,TRUE,OT,John Stevens,2,30,35,6,2,0,48.6,7,11
2017020172,6,away,FALSE,SO,Bruce Cassidy,3,30,32,42,4,2,44.3,6,11
2017020172,29,home,TRUE,SO,John Tortorella,3,32,26,18,5,0,55.7,7,12
2017020186,6,home,TRUE,REG,Bruce Cassidy,2,28,28,6,1,0,50.8,11,13
2017020186,54,away,FALSE,REG,Gerard Gallant,1,29,30,2,3,0,49.2,16,17
2017020201,6,home,FALSE,REG,Bruce Cassidy,2,33,25,4,4,1,51.7,15,4
2017020201,15,away,TRUE,REG,Barry Trotz,3,27,23,8,2,0,48.3,14,6
2017020217,6,home,TRUE,REG,Bruce Cassidy,5,34,24,7,4,0,47.8,12,7
2017020217,30,away,FALSE,REG,Bruce Boudreau,3,27,37,13,1,0,52.2,7,13
2017020233,6,away,FALSE,REG,Bruce Cassidy,2,33,15,2,4,0,50,10,10
2017020233,3,home,TRUE,REG,Alain Vigneault,4,33,23,8,1,0,50,11,13
2017020243,6,away,FALSE,OT,Bruce Cassidy,2,35,23,10,4,1,50,17,5
2017020243,10,home,TRUE,OT,Mike Babcock,3,33,25,8,5,1,50,14,5
2017020250,6,home,FALSE,REG,Bruce Cassidy,1,39,30,13,4,0,54.8,7,15
2017020250,10,away,TRUE,REG,Mike Babcock,4,25,29,15,3,1,45.2,7,16
2017020277,6,away,FALSE,REG,Bruce Cassidy,2,42,33,0,2,0,50.8,15,10
2017020277,24,home,TRUE,REG,Randy Carlyle,4,27,31,4,0,0,49.2,9,12
2017020288,6,away,TRUE,REG,Bruce Cassidy,2,30,34,12,3,0,51.6,11,5
2017020288,26,home,FALSE,REG,John Stevens,1,28,42,10,4,1,48.4,18,2
2017020304,6,away,TRUE,REG,Bruce Cassidy,3,20,30,10,1,0,50,12,13
2017020304,28,home,FALSE,REG,Peter DeBoer,1,37,23,6,3,0,50,28,18
2017020322,6,away,TRUE,SO,Bruce Cassidy,2,29,16,8,4,0,48.3,4,8
2017020322,1,home,FALSE,SO,John Hynes,2,42,24,10,3,1,51.7,8,12
2017020334,6,home,TRUE,REG,Bruce Cassidy,4,33,23,2,2,0,51.7,3,9
2017020334,5,away,FALSE,REG,Mike Sullivan,3,20,38,4,1,1,48.3,16,15
2017020361,6,home,FALSE,REG,Bruce Cassidy,2,25,27,4,2,1,45.8,11,10
2017020361,22,away,TRUE,REG,Todd McLellan,4,36,31,4,2,0,54.2,15,9
2017020377,6,home,TRUE,REG,Bruce Cassidy,3,36,15,10,2,0,56.8,11,15
2017020377,14,away,FALSE,REG,Jon Cooper,2,21,26,10,2,1,43.2,17,9
2017020396,6,away,TRUE,REG,Bruce Cassidy,3,27,13,17,2,0,46.3,9,8
2017020396,4,home,FALSE,REG,Dave Hakstol,0,28,19,9,6,0,53.7,8,2
2017020414,6,away,FALSE,REG,Bruce Cassidy,3,40,19,6,3,1,45.7,4,8
2017020414,18,home,TRUE,REG,Peter Laviolette,5,25,15,8,2,0,54.3,13,13
2017020430,6,home,TRUE,REG,Bruce Cassidy,6,32,23,0,4,1,52.1,6,14
2017020430,53,away,FALSE,REG,Rick Tocchet,1,21,26,8,0,0,47.9,12,14
2017020444,6,home,TRUE,REG,Bruce Cassidy,3,33,19,39,2,1,58.5,6,17
2017020444,2,away,FALSE,REG,Doug Weight,1,31,28,13,4,0,41.5,16,14
2017020477,6,away,TRUE,OT,Bruce Cassidy,3,32,25,6,3,0,49.3,7,4
2017020477,17,home,FALSE,OT,Jeff Blashill,2,33,25,6,3,1,50.7,15,3
2017020479,6,home,FALSE,REG,Bruce Cassidy,3,37,31,20,5,2,57.8,14,11
2017020479,15,away,TRUE,REG,Barry Trotz,5,22,20,22,4,1,42.2,18,15
2017020497,6,home,FALSE,OT,Bruce Cassidy,2,35,19,10,7,1,61.5,22,14
2017020497,3,away,TRUE,OT,Alain Vigneault,3,28,24,14,5,2,38.5,10,14
2017020511,6,home,TRUE,REG,Bruce Cassidy,7,45,22,19,4,2,45.2,5,15
2017020511,29,away,FALSE,REG,John Tortorella,2,18,23,17,5,1,54.8,9,8
2017020517,6,away,TRUE,REG,Bruce Cassidy,3,33,13,7,2,0,37.9,5,2
2017020517,7,home,FALSE,REG,Phil Housley,0,36,25,9,1,0,62.1,10,7
2017020529,6,home,TRUE,SO,Bruce Cassidy,1,33,26,6,3,0,46.3,9,8
2017020529,52,away,FALSE,SO,Paul Maurice,1,38,28,6,3,0,53.7,20,9
2017020543,6,home,TRUE,REG,Bruce Cassidy,3,26,22,4,2,1,61.3,7,14
2017020543,17,away,FALSE,REG,Jeff Blashill,1,31,27,4,2,0,38.7,12,15
2017020558,6,home,TRUE,REG,Bruce Cassidy,5,23,14,19,2,0,45.1,4,12
2017020558,9,away,FALSE,REG,Guy Boucher,1,26,18,27,1,0,54.9,10,18
2017020569,6,away,FALSE,SO,Bruce Cassidy,3,34,14,13,5,0,55.2,11,9
2017020569,15,home,TRUE,SO,Barry Trotz,3,34,37,15,4,1,44.8,16,12
2017020587,6,away,TRUE,REG,Bruce Cassidy,5,34,29,4,4,3,48.3,7,2
2017020587,9,home,FALSE,REG,Guy Boucher,0,25,46,10,1,0,51.7,8,5
2017020603,6,away,TRUE,REG,Bruce Cassidy,5,38,18,10,3,0,60,12,8
2017020603,2,home,FALSE,REG,Doug Weight,1,26,25,8,4,0,40,14,7
2017020616,6,home,FALSE,REG,Bruce Cassidy,2,43,20,6,4,1,60.3,11,7
2017020616,13,away,TRUE,REG,Bob Boughner,4,26,15,8,3,0,39.7,9,20
2017020636,6,home,TRUE,REG,Bruce Cassidy,7,30,20,6,2,1,62.1,11,8
2017020636,12,away,FALSE,REG,Bill Peters,1,28,20,4,3,1,37.9,16,6
2017020650,6,away,FALSE,OT,Bruce Cassidy,5,25,28,6,2,0,51.6,10,4
2017020650,5,home,TRUE,OT,Mike Sullivan,6,35,36,4,3,2,48.4,5,8
2017020672,6,away,TRUE,SO,Bruce Cassidy,3,32,36,10,1,1,56,11,7
2017020672,8,home,FALSE,SO,Claude Julien,3,30,41,4,4,1,44,8,13
2017020683,6,home,FALSE,OT,Bruce Cassidy,2,32,32,4,4,0,52.2,7,5
2017020683,25,away,TRUE,OT,Ken Hitchcock,3,32,32,8,2,0,47.8,6,13
2017020693,6,home,TRUE,REG,Bruce Cassidy,4,32,32,4,3,1,57.1,15,8
2017020693,8,away,FALSE,REG,Claude Julien,1,22,32,6,2,0,42.9,12,9
2017020696,6,away,TRUE,REG,Bruce Cassidy,5,34,26,4,1,1,49.1,14,5
2017020696,2,home,FALSE,REG,Doug Weight,2,24,19,2,2,0,50.9,11,4
2017020712,6,away,TRUE,REG,Bruce Cassidy,4,31,32,2,3,0,61.5,14,8
2017020712,8,home,FALSE,REG,Claude Julien,1,25,43,6,1,0,38.5,16,10
2017020732,6,home,TRUE,REG,Bruce Cassidy,3,24,31,8,4,1,61.1,7,9
2017020732,1,away,FALSE,REG,John Hynes,2,39,30,8,4,0,38.9,9,10
2017020750,6,away,TRUE,REG,Bruce Cassidy,3,44,25,8,1,1,49.2,13,4
2017020750,9,home,FALSE,REG,Guy Boucher,2,23,38,2,4,1,50.8,9,5
2017020761,6,home,FALSE,REG,Bruce Cassidy,1,31,23,6,4,0,43.1,13,4
2017020761,24,away,TRUE,REG,Randy Carlyle,3,27,33,10,2,1,56.9,14,8
2017020776,6,home,TRUE,REG,Bruce Cassidy,3,46,30,4,1,1,49.2,9,9
2017020776,19,away,FALSE,REG,Mike Yeo,1,33,37,4,1,0,50.8,14,21
2017020794,6,home,TRUE,REG,Bruce Cassidy,4,30,26,8,3,2,45,7,4
2017020794,10,away,FALSE,REG,Mike Babcock,1,24,29,6,4,1,55,19,7
2017020817,6,away,TRUE,REG,Bruce Cassidy,3,31,15,6,2,0,42.9,7,2
2017020817,17,home,FALSE,REG,Jeff Blashill,2,28,28,6,2,1,57.1,16,5
2017020824,6,away,TRUE,REG,Bruce Cassidy,6,34,10,14,2,0,36.7,15,11
2017020824,3,home,FALSE,REG,Alain Vigneault,1,22,22,14,2,0,63.3,16,8
2017020843,6,home,FALSE,REG,Bruce Cassidy,2,27,22,2,4,0,51.6,18,13
2017020843,7,away,TRUE,REG,Phil Housley,4,28,33,8,1,0,48.4,6,16
2017020857,6,away,TRUE,REG,Bruce Cassidy,5,27,17,26,4,1,55.9,12,9
2017020857,1,home,FALSE,REG,John Hynes,3,38,30,8,7,0,44.1,9,8
2017020864,6,home,TRUE,REG,Bruce Cassidy,5,40,29,10,4,1,51.7,8,12
2017020864,20,away,FALSE,REG,Glen Gulutzan,2,30,37,8,5,0,48.3,7,8
2017020904,6,away,FALSE,REG,Bruce Cassidy,1,45,17,5,5,0,57.7,2,2
2017020904,23,home,TRUE,REG,Travis Green,6,24,28,15,0,0,42.3,7,8
2017020914,6,away,TRUE,OT,Bruce Cassidy,2,32,15,11,2,0,50.8,16,9
2017020914,20,home,FALSE,OT,Glen Gulutzan,1,29,25,9,3,1,49.2,15,16
2017020925,6,away,TRUE,REG,Bruce Cassidy,3,45,19,4,3,0,65.6,14,6
2017020925,22,home,FALSE,REG,Todd McLellan,2,20,38,8,1,0,34.4,21,8
2017020948,6,away,FALSE,REG,Bruce Cassidy,3,23,29,6,2,0,49.2,16,6
2017020948,10,home,TRUE,REG,Mike Babcock,4,36,23,4,3,2,50.8,17,9
2017020958,6,away,FALSE,REG,Bruce Cassidy,1,35,19,10,4,0,43.8,8,1
2017020958,7,home,TRUE,REG,Phil Housley,4,24,14,8,5,1,56.2,6,1
2017020969,6,home,TRUE,OT,Bruce Cassidy,4,32,31,6,2,0,48.3,7,10
2017020969,12,away,FALSE,OT,Bill Peters,3,32,25,4,3,2,51.7,5,9
2017020983,6,home,TRUE,REG,Bruce Cassidy,8,38,30,17,5,3,53.1,8,9
2017020983,5,away,FALSE,REG,Mike Sullivan,4,26,28,19,4,0,46.9,14,9
2017021003,6,home,TRUE,OT,Bruce Cassidy,2,50,22,8,6,1,63.1,10,9
2017021003,8,away,FALSE,OT,Claude Julien,1,28,30,12,4,0,36.9,13,9
2017021020,6,home,TRUE,OT,Bruce Cassidy,6,37,23,17,4,2,33.3,6,9
2017021020,17,away,FALSE,OT,Jeff Blashill,5,35,30,15,5,1,66.7,10,8
2017021032,6,home,TRUE,REG,Bruce Cassidy,3,27,32,10,3,0,36.7,11,7
2017021032,4,away,FALSE,REG,Dave Hakstol,2,33,22,6,5,1,63.3,9,10
2017021048,6,home,TRUE,REG,Bruce Cassidy,7,40,26,9,6,4,46,15,16
2017021048,16,away,FALSE,REG,Joel Quenneville,4,27,17,17,2,0,54,14,17
2017021059,6,away,FALSE,REG,Bruce Cassidy,1,32,17,10,1,0,38.6,3,2
2017021059,16,home,TRUE,REG,Joel Quenneville,3,39,13,2,5,2,61.4,6,9
2017021071,6,away,TRUE,REG,Bruce Cassidy,6,34,25,10,4,1,38.6,7,8
2017021071,12,home,FALSE,REG,Bill Peters,4,33,28,8,5,2,61.4,11,16
2017021087,6,away,FALSE,REG,Bruce Cassidy,0,46,24,17,4,0,47.1,8,9
2017021087,13,home,TRUE,REG,Bob Boughner,3,28,23,25,2,1,52.9,26,17
2017021102,6,away,TRUE,REG,Bruce Cassidy,3,27,22,8,3,2,55.8,8,8
2017021102,14,home,FALSE,REG,Jon Cooper,0,23,35,8,3,0,44.2,10,8
2017021116,6,home,FALSE,OT,Bruce Cassidy,4,38,25,4,4,1,50,8,6
2017021116,29,away,TRUE,OT,John Tortorella,5,25,25,8,2,0,50,4,12
2017021134,6,away,FALSE,OT,Bruce Cassidy,1,22,24,6,2,1,41.7,4,3
2017021134,19,home,TRUE,OT,Mike Yeo,2,20,46,6,2,0,58.3,3,6
2017021150,6,away,TRUE,REG,Bruce Cassidy,3,36,19,8,3,0,50.8,3,0
2017021150,25,home,FALSE,REG,Ken Hitchcock,2,42,30,6,4,0,49.2,7,6
2017021166,6,away,TRUE,OT,Bruce Cassidy,2,28,15,4,2,0,54.4,2,5
2017021166,30,home,FALSE,OT,Bruce Boudreau,1,25,9,4,2,0,45.6,3,4
2017021182,6,away,FALSE,SO,Bruce Cassidy,4,32,24,2,5,3,49.2,16,5
2017021182,52,home,TRUE,SO,Paul Maurice,4,32,23,11,1,0,50.8,14,16
2017021190,6,home,TRUE,REG,Bruce Cassidy,4,30,29,23,3,1,55.4,7,9
2017021190,14,away,FALSE,REG,Jon Cooper,2,28,38,21,4,1,44.6,13,5
2017021206,6,home,TRUE,REG,Bruce Cassidy,5,33,15,16,1,1,49.3,6,8
2017021206,13,away,FALSE,REG,Bob Boughner,1,31,29,14,2,0,50.7,13,12
2017021218,6,away,FALSE,OT,Bruce Cassidy,3,39,14,4,3,1,52.9,9,8
2017021218,4,home,TRUE,OT,Dave Hakstol,4,24,20,6,2,0,47.1,15,5
2017021233,6,away,FALSE,REG,Bruce Cassidy,0,33,22,8,2,0,43.1,11,4
2017021233,14,home,TRUE,REG,Jon Cooper,4,36,34,4,4,0,56.9,6,10
2017021247,6,away,FALSE,REG,Bruce Cassidy,2,28,21,6,1,1,49.2,4,12
2017021247,13,home,TRUE,REG,Bob Boughner,3,35,25,4,2,0,50.8,19,10
2017021258,6,home,TRUE,REG,Bruce Cassidy,5,35,14,4,4,1,59.6,8,11
2017021258,9,away,FALSE,REG,Guy Boucher,2,28,25,18,2,0,40.4,10,11
2017030121,6,home,TRUE,REG,Bruce Cassidy,5,40,37,6,6,3,50,7,6
2017030121,10,away,FALSE,REG,Mike Babcock,1,27,42,23,3,0,50,11,11
2017030122,6,home,TRUE,REG,Bruce Cassidy,7,28,34,10,4,2,39.1,11,10
2017030122,10,away,FALSE,REG,Mike Babcock,3,33,28,10,4,1,60.9,13,10
2017030123,6,away,FALSE,REG,Bruce Cassidy,2,42,26,4,1,0,48.6,5,2
2017030123,10,home,TRUE,REG,Mike Babcock,4,30,38,4,1,1,51.4,12,5
2017030124,6,away,TRUE,REG,Bruce Cassidy,3,21,40,2,0,0,36.9,16,2
2017030124,10,home,FALSE,REG,Mike Babcock,1,32,26,0,1,0,63.1,11,8
2017030125,6,home,FALSE,REG,Bruce Cassidy,3,45,28,6,6,1,53,6,8
2017030125,10,away,TRUE,REG,Mike Babcock,4,21,28,16,1,1,47,12,10
2017030126,6,away,FALSE,REG,Bruce Cassidy,1,33,23,8,2,0,63.2,11,2
2017030126,10,home,TRUE,REG,Mike Babcock,3,30,23,6,3,0,36.8,11,7
2017030127,6,home,TRUE,REG,Bruce Cassidy,7,36,33,8,2,1,56.7,11,8
2017030127,10,away,FALSE,REG,Mike Babcock,4,24,31,8,2,1,43.3,9,15
2017030211,6,away,TRUE,REG,Bruce Cassidy,6,24,27,6,1,1,49,10,8
2017030211,14,home,FALSE,REG,Jon Cooper,2,36,33,2,3,1,51,7,9
2017030212,6,away,FALSE,REG,Bruce Cassidy,2,20,24,14,3,0,43.1,13,6
2017030212,14,home,TRUE,REG,Jon Cooper,4,31,42,12,4,1,56.9,6,8
2017030213,6,home,FALSE,REG,Bruce Cassidy,1,29,36,27,1,1,45.6,14,5
2017030213,14,away,TRUE,REG,Jon Cooper,4,37,26,19,5,1,54.4,17,11
2017030214,6,home,FALSE,OT,Bruce Cassidy,3,32,30,8,4,2,62.1,13,12
2017030214,14,away,TRUE,OT,Jon Cooper,4,28,33,8,4,1,37.9,15,8
2017030215,6,away,FALSE,REG,Bruce Cassidy,1,28,29,8,3,1,44.8,8,5
2017030215,14,home,TRUE,REG,Jon Cooper,3,22,37,8,3,1,55.2,9,7